cluster_id,rep_x,rep_y,num_observations,z_levels,diameter_min,diameter_max,diameter_mean,diameter_std,z_0,z_1,z_2,z_3,z_4,z_5,z_6,z_7,z_8,z_9,z_10,z_11,z_12,z_13,z_14,z_15
870,55.2,491.6,5,"z_1,z_3,z_5,z_10,z_14",29.99,212.24,102.83400000000002,88.70690223426811,,212.24,,30.97,,30.26,,,,,210.71,,,,29.99,
313,236.0,206.0,2,"z_0,z_14",83.23,88.29,85.76,2.530000000000001,83.23,,,,,,,,,,,,,,88.29,
49,313.0,313.3846153846154,13,"z_0,z_1,z_2,z_3,z_4,z_8,z_9,z_10,z_11,z_12,z_13,z_14,z_15",58.8,67.48,64.41307692307693,3.0943158424027084,58.8,59.49,61.38,61.68,62.13,,,,65.47,66.01,66.96,67.48,67.48,66.92,66.37,67.2
384,162.0,64.71428571428571,14,"z_0,z_1,z_2,z_3,z_4,z_5,z_6,z_7,z_8,z_9,z_10,z_13,z_14,z_15",57.21,67.32,63.11214285714285,3.2454059366861254,57.21,58.41,59.27,60.44,61.19,62.31,63.12,64.21,64.91,65.25,66.34,,,66.87,67.32,66.72
399,255.0,71.63636363636363,11,"z_0,z_1,z_2,z_3,z_4,z_5,z_6,z_7,z_8,z_9,z_10",57.43,64.22,60.82090909090909,2.0807667054825307,57.43,57.78,59.87,60.09,59.75,60.41,61.0,62.27,63.05,63.16,64.22,,,,,
898,345.0,200.5,4,"z_10,z_12,z_13,z_14",43.66,62.67,54.7475,7.505306039729494,,,,,,,,,,,62.67,,60.49,43.66,52.17,
274,188.0,163.37499999999994,16,"z_0,z_1,z_2,z_3,z_4,z_5,z_6,z_7,z_8,z_9,z_10,z_11,z_12,z_13,z_14,z_15",54.3,62.19,59.10375,2.6961033803435654,54.3,54.7,55.14,56.74,57.31,57.65,58.67,59.59,60.17,60.86,61.79,62.19,61.53,61.53,61.96,61.53
873,430.0,492.0,1,z_1,61.72,61.72,61.72,0.0,,61.72,,,,,,,,,,,,,,
44,471.1875,381.0,16,"z_0,z_1,z_2,z_3,z_4,z_5,z_6,z_7,z_8,z_9,z_10,z_11,z_12,z_13,z_14,z_15",52.73,61.33,58.17375,2.901305471249106,52.73,53.27,54.24,55.12,56.72,57.1,57.86,58.37,59.31,60.26,60.56,60.8,61.08,61.08,61.33,60.95
104,119.125,328.0,16,"z_0,z_1,z_2,z_3,z_4,z_5,z_6,z_7,z_8,z_9,z_10,z_11,z_12,z_13,z_14,z_15",52.96,61.33,58.186875,2.9934965315455107,52.96,53.44,54.01,54.98,55.79,56.73,57.8,58.9,59.33,60.62,61.04,60.95,61.14,61.04,61.33,60.93
888,379.4545454545455,200.1818181818182,11,"z_4,z_5,z_6,z_7,z_8,z_9,z_10,z_11,z_12,z_13,z_14",50.21,60.91,53.97636363636365,2.931993652254298,,,,,60.91,56.1,55.36,51.67,50.21,52.82,51.67,50.85,55.36,55.36,53.43,
302,39.0,285.25,12,"z_0,z_1,z_2,z_3,z_4,z_5,z_6,z_7,z_8,z_9,z_14,z_15",52.43,60.7,56.98500000000001,2.7299130022768128,52.43,53.4,54.36,55.06,55.61,56.67,57.48,58.2,59.23,60.05,,,,,60.7,60.63
224,325.0,88.125,16,"z_0,z_1,z_2,z_3,z_4,z_5,z_6,z_7,z_8,z_9,z_10,z_11,z_12,z_13,z_14,z_15",49.54,58.58,54.532500000000006,3.0151399221263344,49.54,50.24,50.18,51.21,52.15,52.88,54.24,54.6,55.56,56.1,57.06,57.06,57.19,57.56,58.37,58.58
237,322.16666666666663,343.5,6,"z_0,z_1,z_2,z_3,z_6,z_7",53.17,58.44,55.721666666666664,1.9302971849490478,53.17,54.17,54.91,55.6,,,58.04,58.44,,,,,,,,
218,358.4375,54.125,16,"z_0,z_1,z_2,z_3,z_4,z_5,z_6,z_7,z_8,z_9,z_10,z_11,z_12,z_13,z_14,z_15",48.23,57.44,53.359375,3.131637887651603,48.23,49.07,49.45,49.88,50.99,51.27,52.21,53.2,54.21,55.06,55.4,56.17,56.98,57.44,56.83,57.36
100,293.6666666666667,337.0,9,"z_0,z_1,z_2,z_3,z_4,z_5,z_6,z_7,z_8",50.67,57.28,53.87111111111111,1.9445219032190824,50.67,51.74,52.65,53.02,54.17,55.16,54.46,55.69,57.28,,,,,,,
41,493.0,415.0,16,"z_0,z_1,z_2,z_3,z_4,z_5,z_6,z_7,z_8,z_9,z_10,z_11,z_12,z_13,z_14,z_15",47.07,56.7,52.259375000000006,3.250912311855704,47.07,47.72,47.7,48.97,49.89,50.77,50.91,52.25,52.83,53.91,53.98,54.48,56.15,56.56,56.26,56.7
105,171.0,328.09999999999997,10,"z_0,z_1,z_2,z_3,z_4,z_5,z_6,z_8,z_9,z_15",48.92,56.68,52.878,2.6901999925656086,48.92,49.7,50.16,51.61,52.14,53.28,54.26,,55.36,56.67,,,,,,56.68
228,447.0625,278.5,16,"z_0,z_1,z_2,z_3,z_4,z_5,z_6,z_7,z_8,z_9,z_10,z_11,z_12,z_13,z_14,z_15",48.5,56.67,53.821875000000006,2.8255402553095936,48.5,49.73,50.13,50.82,51.87,52.22,53.22,53.8,55.15,56.3,56.42,56.67,56.67,56.67,56.67,56.31
183,258.0,266.25,8,"z_0,z_1,z_2,z_3,z_10,z_11,z_13,z_14",39.31,56.67,47.13875,7.862066263871094,56.67,54.86,54.17,54.17,,,,,,,39.31,39.31,,39.31,39.31,
225,381.5555555555555,121.66666666666666,9,"z_0,z_1,z_2,z_3,z_4,z_5,z_6,z_7,z_15",48.9,56.51,51.70111111111112,2.284841081001499,48.9,49.43,49.76,50.54,51.49,52.03,52.93,53.72,,,,,,,,56.51
120,59.0,370.0625,16,"z_0,z_1,z_2,z_3,z_4,z_5,z_6,z_7,z_8,z_9,z_10,z_11,z_12,z_13,z_14,z_15",44.62,56.1,50.738125000000004,3.6467609236656857,44.62,45.41,45.94,47.0,47.96,48.81,49.55,50.74,51.59,54.37,55.28,54.35,53.57,53.12,53.4,56.1
414,216.0,157.0,16,"z_0,z_1,z_2,z_3,z_4,z_5,z_6,z_7,z_8,z_9,z_10,z_11,z_12,z_13,z_14,z_15",46.42,55.77,51.881249999999994,3.3654529319989006,46.42,47.24,47.56,48.41,48.93,49.84,50.56,51.45,52.7,53.82,55.77,55.53,55.53,55.41,55.52,55.41
393,16.875,78.0,16,"z_0,z_1,z_2,z_3,z_4,z_5,z_6,z_7,z_8,z_9,z_10,z_11,z_12,z_13,z_14,z_15",46.82,55.63,51.296875,3.1605611027751066,46.82,46.82,47.19,48.08,48.23,49.45,49.81,51.47,51.47,52.91,53.46,54.33,55.3,55.3,55.63,54.48
101,102.0,351.54545454545456,11,"z_0,z_1,z_2,z_3,z_4,z_5,z_6,z_7,z_8,z_9,z_10",47.85,55.55,51.695454545454545,2.720302000735692,47.85,48.17,48.87,49.9,50.67,51.54,52.45,53.41,54.92,55.32,55.55,,,,,
223,417.74999999999994,75.68749999999999,16,"z_0,z_1,z_2,z_3,z_4,z_5,z_6,z_7,z_8,z_9,z_10,z_11,z_12,z_13,z_14,z_15",46.9,55.42,51.585625,3.0271045752294388,46.9,47.13,47.69,48.45,49.34,49.76,50.12,51.07,52.36,53.51,54.06,54.67,55.26,54.88,54.75,55.42
53,438.49999999999994,334.375,8,"z_0,z_1,z_4,z_5,z_6,z_7,z_8,z_15",45.5,54.65,48.98125,2.7601469050577716,45.5,45.77,,,47.51,48.59,49.37,49.6,50.86,,,,,,,54.65
219,341.25,152.06250000000003,16,"z_0,z_1,z_2,z_3,z_4,z_5,z_6,z_7,z_8,z_9,z_10,z_11,z_12,z_13,z_14,z_15",46.26,54.52,50.6025,2.5523065548636583,46.26,46.63,47.56,48.52,48.69,49.2,49.52,50.7,50.76,51.48,52.85,52.94,53.48,54.52,53.46,53.07
887,317.2,70.6,5,"z_9,z_10,z_11,z_14,z_15",42.24,54.17,48.612,4.996824591678199,,,,,,,,,,51.45,54.17,52.25,,,42.95,42.24
272,476.0,156.0,16,"z_0,z_1,z_2,z_3,z_4,z_5,z_6,z_7,z_8,z_9,z_10,z_11,z_12,z_13,z_14,z_15",45.92,53.99,50.525000000000006,2.7435857012311455,45.92,46.83,46.85,47.24,48.82,49.07,49.4,50.55,50.92,51.98,52.98,53.26,53.44,53.99,53.8,53.35
229,467.58333333333337,261.41666666666663,12,"z_0,z_1,z_2,z_3,z_4,z_8,z_9,z_10,z_11,z_12,z_14,z_15",46.47,53.69,50.126666666666665,2.575759866309142,46.47,46.55,47.23,47.68,48.13,,,,51.16,51.54,51.98,51.98,51.98,,53.13,53.69
99,266.0,479.9375,16,"z_0,z_1,z_2,z_3,z_4,z_5,z_6,z_7,z_8,z_9,z_10,z_11,z_12,z_13,z_14,z_15",45.93,53.6,50.569374999999994,2.7960406576756003,45.93,46.44,46.49,47.67,48.39,49.01,49.71,50.79,51.98,52.17,53.28,53.6,53.6,53.28,53.28,53.49
268,483.8461538461538,239.69230769230768,13,"z_0,z_1,z_2,z_3,z_4,z_5,z_6,z_7,z_8,z_9,z_10,z_12,z_15",45.43,53.24,49.47153846153846,2.5092684994569363,45.43,45.82,46.8,47.51,48.22,48.77,49.6,50.4,50.86,51.68,52.17,,52.63,,,53.24
267,332.0625,232.81249999999997,16,"z_0,z_1,z_2,z_3,z_4,z_5,z_6,z_7,z_8,z_9,z_10,z_11,z_12,z_13,z_14,z_15",45.3,53.12,49.33625,2.7347871832191992,45.3,45.41,45.7,46.82,46.88,47.55,48.42,48.94,49.58,50.9,51.45,51.45,52.68,52.78,53.12,52.4
389,305.0,172.0,16,"z_0,z_1,z_2,z_3,z_4,z_5,z_6,z_7,z_8,z_9,z_10,z_11,z_12,z_13,z_14,z_15",45.44,53.07,49.925625,2.8471454317219207,45.44,45.82,46.12,46.74,47.24,48.1,49.27,49.94,51.08,51.83,52.75,53.07,52.81,52.93,52.93,52.74
452,172.0,125.33333333333333,15,"z_0,z_1,z_2,z_3,z_4,z_5,z_6,z_7,z_8,z_9,z_10,z_11,z_12,z_13,z_14",50.09,52.71,51.80333333333335,0.8272014399299742,51.45,52.71,52.71,50.73,52.71,52.08,52.08,52.08,50.73,52.08,52.08,52.71,52.08,50.73,50.09,
388,228.0,63.43750000000001,16,"z_0,z_1,z_2,z_3,z_4,z_5,z_6,z_7,z_8,z_9,z_10,z_11,z_12,z_13,z_14,z_15",43.95,52.66,48.551874999999995,3.072243111209625,43.95,44.31,44.73,44.91,45.98,46.66,47.42,48.14,49.38,49.73,51.21,51.63,51.66,51.98,52.66,52.48
255,382.0625,251.93749999999997,16,"z_0,z_1,z_2,z_3,z_4,z_5,z_6,z_7,z_8,z_9,z_10,z_11,z_12,z_13,z_14,z_15",41.71,52.61,46.041250000000005,2.821304828886805,41.71,41.93,43.16,43.8,44.01,44.47,45.02,45.35,46.2,46.9,47.67,47.96,48.59,48.59,48.69,52.61
217,473.0,182.22222222222226,9,"z_0,z_1,z_2,z_3,z_4,z_5,z_6,z_7,z_9",45.81,52.36,48.66888888888889,1.9571943890536805,45.81,46.26,47.51,48.02,48.4,49.38,49.82,50.46,,52.36,,,,,,
231,386.75,298.0,16,"z_0,z_1,z_2,z_3,z_4,z_5,z_6,z_7,z_8,z_9,z_10,z_11,z_12,z_13,z_14,z_15",43.97,52.26,48.761875,2.9324652997733835,43.97,44.26,44.89,45.77,46.54,47.28,47.7,48.31,49.89,50.55,51.45,51.45,52.26,52.26,51.94,51.67
84,45.400000000000006,470.0,10,"z_0,z_1,z_2,z_3,z_4,z_5,z_6,z_7,z_8,z_9",46.4,51.9,48.56699999999999,1.7554717314727688,46.4,46.63,46.63,47.29,48.19,49.24,49.24,49.7,50.45,51.9,,,,,,
55,370.0,429.18750000000006,16,"z_0,z_1,z_2,z_3,z_4,z_5,z_6,z_7,z_8,z_9,z_10,z_11,z_12,z_13,z_14,z_15",43.75,51.72,48.615624999999994,2.7298373778258296,43.75,44.74,45.07,45.8,46.59,47.51,47.51,48.6,48.77,50.7,51.18,51.18,51.59,51.72,51.69,51.45
221,375.0,95.25,16,"z_0,z_1,z_2,z_3,z_4,z_5,z_6,z_7,z_8,z_9,z_10,z_11,z_12,z_13,z_14,z_15",42.78,51.62,47.540000000000006,3.028749742055292,42.78,43.36,43.95,44.31,45.03,45.71,46.61,47.45,48.65,49.89,47.11,50.84,50.87,51.19,51.27,51.62
88,194.0,313.77777777777777,9,"z_0,z_1,z_2,z_3,z_4,z_5,z_6,z_7,z_15",44.15,51.45,47.044444444444444,2.176394118266426,44.15,45.07,45.07,46.09,46.6,47.51,48.59,48.87,,,,,,,,51.45
95,37.0,84.0,1,z_0,51.24,51.24,51.24,0.0,51.24,,,,,,,,,,,,,,,
386,147.0,17.636363636363637,11,"z_0,z_1,z_2,z_3,z_4,z_5,z_6,z_7,z_8,z_9,z_10",44.16,50.93,47.059090909090905,2.244194346410937,44.16,44.39,44.76,45.48,45.88,46.95,47.28,48.53,49.4,49.89,50.93,,,,,
474,260.0,133.83333333333334,12,"z_0,z_1,z_5,z_6,z_7,z_9,z_10,z_11,z_12,z_13,z_14,z_15",33.19,50.69,39.59833333333333,6.772146180413481,49.52,50.69,,,,48.65,46.26,40.16,,35.61,34.48,33.19,33.61,34.17,34.67,34.17
950,216.0,312.0,1,z_15,50.2,50.2,50.2,0.0,,,,,,,,,,,,,,,,50.2
102,310.0,368.0,16,"z_0,z_1,z_2,z_3,z_4,z_5,z_6,z_7,z_8,z_9,z_10,z_11,z_12,z_13,z_14,z_15",42.64,50.11,46.754374999999996,2.595647724437004,42.64,42.95,43.2,44.07,44.42,45.7,46.16,46.63,46.94,47.96,49.15,49.27,49.35,50.11,49.7,49.82
432,237.0,295.74999999999994,16,"z_0,z_1,z_2,z_3,z_4,z_5,z_6,z_7,z_8,z_9,z_10,z_11,z_12,z_13,z_14,z_15",42.64,50.02,47.00125,2.6631533822707243,42.64,42.95,43.62,43.84,44.96,45.45,46.23,47.24,48.16,48.26,49.57,49.6,49.77,50.01,50.02,49.7
266,362.5,290.0,16,"z_0,z_1,z_2,z_3,z_4,z_5,z_6,z_7,z_8,z_9,z_10,z_11,z_12,z_13,z_14,z_15",42.18,49.82,46.78937499999999,2.674503385560579,42.18,42.18,43.33,43.82,44.99,45.97,46.44,46.9,47.67,48.15,49.11,49.25,49.4,49.71,49.71,49.82
402,157.14285714285714,108.0,7,"z_0,z_1,z_2,z_3,z_4,z_5,z_9",43.27,49.57,45.392857142857146,2.0219489486681916,43.27,43.65,44.13,44.91,45.49,46.73,,,,49.57,,,,,,
271,420.0,196.18750000000003,16,"z_0,z_1,z_2,z_3,z_4,z_5,z_6,z_7,z_8,z_9,z_10,z_11,z_12,z_13,z_14,z_15",42.32,49.39,46.225625,2.6508158384495517,42.32,42.64,42.78,43.52,43.6,44.04,44.93,46.57,47.02,47.96,48.65,48.72,48.88,49.2,49.39,49.39
246,352.0,176.0,16,"z_0,z_1,z_2,z_3,z_4,z_5,z_6,z_7,z_8,z_9,z_10,z_11,z_12,z_13,z_14,z_15",41.23,49.22,45.774375,2.974174189481006,41.23,41.43,41.96,42.16,43.08,43.68,45.5,45.64,47.17,47.23,48.46,48.64,48.69,49.15,49.22,49.15
222,467.0,60.53333333333334,15,"z_0,z_1,z_2,z_3,z_4,z_5,z_6,z_7,z_8,z_9,z_10,z_11,z_12,z_13,z_14",41.26,49.19,44.93866666666667,2.7492977689261333,41.26,41.52,42.13,41.63,43.36,43.38,43.75,44.02,44.99,46.6,46.97,47.79,48.55,48.94,49.19,
226,425.0,122.0,13,"z_0,z_1,z_2,z_3,z_4,z_5,z_6,z_7,z_8,z_9,z_10,z_11,z_12",40.85,48.69,44.698461538461544,2.6079223860379024,40.85,41.52,41.82,42.18,43.38,43.76,44.6,45.11,46.12,46.86,47.66,48.53,48.69,,,
368,132.0,257.37500000000006,16,"z_0,z_1,z_2,z_3,z_4,z_5,z_6,z_7,z_8,z_9,z_10,z_11,z_12,z_13,z_14,z_15",40.55,48.64,44.885,3.016204154230943,40.55,40.78,41.09,41.52,42.24,42.95,43.59,44.26,45.3,46.54,47.28,48.46,48.64,48.64,48.55,47.77
446,424.3333333333333,288.0,3,"z_0,z_1,z_5",46.26,48.64,47.846666666666664,1.1219427594826565,48.64,48.64,,,,46.26,,,,,,,,,,
390,292.0,70.25,16,"z_0,z_1,z_2,z_3,z_4,z_5,z_6,z_7,z_8,z_9,z_10,z_11,z_12,z_13,z_14,z_15",40.05,48.35,44.363749999999996,2.819829061751793,40.05,40.52,40.71,41.2,41.64,42.52,43.5,44.68,44.98,45.86,46.73,46.82,47.1,47.08,48.08,48.35
383,40.0,97.375,16,"z_0,z_1,z_2,z_3,z_4,z_5,z_6,z_7,z_8,z_9,z_10,z_11,z_12,z_13,z_14,z_15",38.51,48.11,43.00125,3.159105638863633,38.85,38.51,39.29,39.51,40.21,40.76,41.93,42.24,43.43,44.15,45.29,45.3,46.64,46.85,46.95,48.11
122,15.0,323.12500000000006,16,"z_0,z_1,z_2,z_3,z_4,z_5,z_6,z_7,z_8,z_9,z_10,z_11,z_12,z_13,z_14,z_15",39.47,48.1,44.436875,3.0364776443068044,39.47,39.53,40.27,41.37,42.31,42.9,43.99,44.24,45.2,45.89,46.94,47.53,48.1,47.82,47.72,47.71
461,315.8888888888889,496.7777777777777,9,"z_0,z_1,z_2,z_4,z_5,z_7,z_8,z_9,z_10",34.56,47.96,39.27777777777778,5.441126880380117,46.28,46.26,47.96,,37.56,36.51,,34.79,34.56,34.79,34.79,,,,,
227,498.0,143.625,16,"z_0,z_1,z_2,z_3,z_4,z_5,z_6,z_7,z_8,z_9,z_10,z_11,z_12,z_13,z_14,z_15",40.46,47.95,44.6175,2.6947042973209507,40.46,40.86,41.2,41.37,42.13,43.03,44.16,44.28,45.45,45.97,46.49,47.7,47.55,47.55,47.95,47.73
394,139.87499999999997,84.0,16,"z_0,z_1,z_2,z_3,z_4,z_5,z_6,z_7,z_8,z_9,z_10,z_11,z_12,z_13,z_14,z_15",39.39,47.79,43.766875,2.927763051268835,39.39,39.69,40.11,41.07,41.52,41.93,42.56,43.18,43.38,45.13,45.55,46.55,47.17,47.5,47.75,47.79
82,248.0,401.0,16,"z_0,z_1,z_2,z_3,z_4,z_5,z_6,z_7,z_8,z_9,z_10,z_11,z_12,z_13,z_14,z_15",39.67,47.74,44.705,2.862961753150048,39.67,40.27,40.52,41.2,42.51,43.61,44.71,45.71,46.27,46.54,46.82,47.74,47.74,47.43,47.3,47.24
371,111.44444444444444,122.0,9,"z_0,z_1,z_2,z_3,z_5,z_6,z_7,z_8,z_9",40.85,47.65,44.086666666666666,2.2245798604580482,40.85,41.52,42.13,42.87,,44.31,45.97,45.29,46.19,47.65,,,,,,
373,214.0,239.56250000000006,16,"z_0,z_1,z_2,z_3,z_4,z_5,z_6,z_7,z_8,z_9,z_10,z_11,z_12,z_13,z_14,z_15",39.56,47.55,43.680625,2.8050166415504547,39.56,39.95,40.35,40.85,41.13,41.54,42.59,43.36,43.65,44.89,46.05,46.2,46.49,47.55,47.55,47.18
264,377.0,71.4375,16,"z_0,z_1,z_2,z_3,z_4,z_5,z_6,z_7,z_8,z_9,z_10,z_11,z_12,z_13,z_14,z_15",38.05,47.45,42.39375,3.036558238779557,38.05,38.65,38.9,39.17,39.53,40.17,41.06,41.5,42.95,43.6,44.36,45.07,45.82,46.2,45.82,47.45
397,95.0,101.18749999999999,16,"z_0,z_1,z_2,z_3,z_4,z_5,z_6,z_7,z_8,z_9,z_10,z_11,z_12,z_13,z_14,z_15",38.71,47.44,43.090625,3.1002106153251914,38.71,39.05,39.11,39.53,40.71,41.06,41.96,42.48,43.08,44.02,45.35,46.38,46.73,47.02,46.82,47.44
391,164.36363636363637,37.0,11,"z_0,z_1,z_2,z_3,z_4,z_5,z_6,z_7,z_8,z_9,z_10",41.47,47.4,44.06181818181818,1.9075725563792425,41.47,41.78,41.93,42.18,43.76,44.34,44.75,45.45,45.5,46.12,47.4,,,,,
874,400.0,310.8181818181818,11,"z_1,z_5,z_6,z_8,z_9,z_10,z_11,z_12,z_13,z_14,z_15",44.14,47.36,45.68181818181818,1.0433060928154234,,46.92,,,,47.36,46.03,,45.96,44.14,44.14,44.14,45.96,45.96,45.96,45.93
81,139.0,411.0,11,"z_0,z_1,z_2,z_3,z_4,z_5,z_6,z_7,z_8,z_9,z_15",39.77,47.3,42.67909090909091,2.2691306086270715,39.77,39.83,40.95,41.12,41.39,42.7,43.02,43.56,44.31,45.52,,,,,,47.3
395,264.0,45.43750000000001,16,"z_0,z_1,z_2,z_3,z_4,z_5,z_6,z_7,z_8,z_9,z_10,z_11,z_12,z_13,z_14,z_15",38.58,47.03,42.77625,2.9047479989665206,38.58,38.58,38.78,39.32,40.29,41.25,42.12,42.9,43.14,44.33,44.81,45.07,45.88,45.85,46.49,47.03
46,378.125,321.0,16,"z_0,z_1,z_2,z_3,z_4,z_5,z_6,z_7,z_8,z_9,z_10,z_11,z_12,z_13,z_14,z_15",38.75,46.95,43.35875,2.822509687760168,38.75,39.39,40.07,40.58,40.81,41.93,42.18,42.95,43.4,44.79,45.6,46.38,46.31,46.95,46.87,46.78
76,182.0,440.0,16,"z_0,z_1,z_2,z_3,z_4,z_5,z_6,z_7,z_8,z_9,z_10,z_11,z_12,z_13,z_14,z_15",38.25,46.95,43.138125,3.0844999974671747,38.25,38.71,39.24,39.84,40.16,41.42,41.99,42.86,44.59,44.75,45.74,46.43,46.52,46.95,46.12,46.64
230,449.0,123.0,16,"z_0,z_1,z_2,z_3,z_4,z_5,z_6,z_7,z_8,z_9,z_10,z_11,z_12,z_13,z_14,z_15",40.09,46.89,43.435625,2.4923607502476437,40.09,40.09,40.09,40.43,41.32,41.86,42.18,43.38,43.77,44.97,45.59,45.59,45.44,46.6,46.89,46.68
278,383.1875,221.0,16,"z_0,z_1,z_2,z_3,z_4,z_5,z_6,z_7,z_8,z_9,z_10,z_11,z_12,z_13,z_14,z_15",39.59,46.82,43.54125,2.65094529130648,39.59,39.75,39.75,41.08,41.24,41.66,42.97,43.36,43.54,45.23,45.99,46.44,46.82,46.44,46.2,46.6
220,391.0,144.73333333333332,15,"z_0,z_1,z_2,z_3,z_4,z_5,z_6,z_7,z_8,z_9,z_10,z_11,z_12,z_13,z_15",36.55,46.73,40.615999999999985,2.972253466087081,36.55,37.05,37.56,37.64,37.89,39.16,39.43,40.49,40.78,41.93,42.51,43.53,44.15,43.84,,46.73
235,336.0,448.1875,16,"z_0,z_1,z_2,z_3,z_4,z_5,z_6,z_7,z_8,z_9,z_10,z_11,z_12,z_13,z_14,z_15",38.25,46.63,42.2625,2.84333760746064,38.25,38.61,38.93,39.43,39.53,40.13,41.06,41.32,42.86,43.55,43.96,44.98,45.22,46.26,46.63,45.48
387,173.0,225.06250000000003,16,"z_0,z_1,z_2,z_3,z_4,z_5,z_6,z_7,z_8,z_9,z_10,z_11,z_12,z_13,z_14,z_15",37.99,46.63,42.198125000000005,2.8765913394806355,37.99,38.34,38.65,39.32,39.32,40.78,41.2,41.37,43.13,42.99,43.42,45.12,45.29,46.07,46.63,45.55
265,423.0,273.0,16,"z_0,z_1,z_2,z_3,z_4,z_5,z_6,z_7,z_8,z_9,z_10,z_11,z_12,z_13,z_14,z_15",39.14,46.6,43.208125,2.823863087044945,39.14,39.16,39.45,40.07,40.7,41.64,42.18,43.01,43.58,44.79,44.99,46.6,46.6,46.38,46.59,46.45
216,451.4285714285714,98.78571428571428,14,"z_0,z_1,z_2,z_3,z_4,z_5,z_6,z_7,z_8,z_9,z_10,z_11,z_12,z_15",39.34,46.59,42.614285714285714,2.350874348850154,39.34,39.43,39.86,40.17,41.04,41.4,42.55,42.9,43.62,44.24,44.97,45.07,45.42,,,46.59
111,194.0,488.0,16,"z_0,z_1,z_2,z_3,z_4,z_5,z_6,z_7,z_8,z_9,z_10,z_11,z_12,z_13,z_14,z_15",38.25,46.34,43.21,2.946353678701863,38.25,38.46,38.78,40.15,40.97,41.64,42.97,43.83,44.84,45.45,45.72,45.94,46.21,46.09,45.72,46.34
885,489.0,54.0,13,"z_3,z_4,z_5,z_6,z_7,z_8,z_9,z_10,z_11,z_12,z_13,z_14,z_15",39.35,46.32,43.323076923076925,2.4024871235239162,,,,39.35,39.6,40.7,41.22,42.31,43.03,43.4,44.83,45.06,45.29,46.32,46.12,45.97
398,60.0,19.0625,16,"z_0,z_1,z_2,z_3,z_4,z_5,z_6,z_7,z_8,z_9,z_10,z_11,z_12,z_13,z_14,z_15",37.66,46.25,41.635000000000005,3.001195595092063,37.66,37.77,37.88,38.39,38.74,39.82,40.35,41.2,41.52,43.01,43.13,44.18,45.09,45.29,46.25,45.88
239,418.0,231.8181818181818,11,"z_0,z_2,z_7,z_8,z_9,z_10,z_11,z_12,z_13,z_14,z_15",37.56,45.93,41.27272727272727,2.474128279576798,45.93,,42.91,,,,,40.63,42.37,42.71,44.32,40.45,39.38,38.42,39.32,37.56
247,362.9375,196.62499999999997,16,"z_0,z_1,z_2,z_3,z_4,z_5,z_6,z_7,z_8,z_9,z_10,z_11,z_12,z_13,z_14,z_15",37.81,45.91,42.251875,2.88528425538542,37.81,38.44,38.46,39.15,39.82,40.57,40.71,41.96,42.73,44.02,44.62,45.23,45.23,45.88,45.91,45.49
380,11.5,208.0,16,"z_0,z_1,z_2,z_3,z_4,z_5,z_6,z_7,z_8,z_9,z_10,z_11,z_12,z_13,z_14,z_15",37.64,45.88,41.54125,3.015513793286312,37.64,37.67,38.0,38.32,38.76,39.83,40.1,40.57,40.99,42.71,43.35,44.31,45.5,45.5,45.88,45.53
392,117.0,93.75,12,"z_0,z_1,z_2,z_3,z_4,z_5,z_6,z_7,z_8,z_9,z_10,z_11",38.66,45.87,41.79666666666666,2.313742759157888,38.66,38.98,39.81,39.82,40.62,40.91,41.78,42.44,43.21,44.39,45.07,45.87,,,,
236,456.0,318.0,16,"z_0,z_1,z_2,z_3,z_4,z_5,z_6,z_7,z_8,z_9,z_10,z_11,z_12,z_13,z_14,z_15",38.38,45.79,41.864375,2.7372202339919594,38.55,38.38,38.75,38.75,38.75,39.6,40.7,41.35,42.18,43.13,43.83,44.73,44.93,45.79,45.23,45.18
251,356.0,81.0,16,"z_0,z_1,z_2,z_3,z_4,z_5,z_6,z_7,z_8,z_9,z_10,z_11,z_12,z_13,z_14,z_15",36.92,45.72,41.06375,2.9042121887871755,36.92,36.92,37.58,38.04,38.55,39.06,40.09,40.53,41.2,42.55,43.14,43.67,44.01,44.22,44.82,45.72
385,307.87499999999994,108.0,16,"z_0,z_1,z_2,z_3,z_4,z_5,z_6,z_7,z_8,z_9,z_10,z_11,z_12,z_13,z_14,z_15",38.42,45.64,42.396875,2.5800671472608996,38.42,38.8,39.0,39.71,40.1,40.85,41.51,42.18,42.7,44.04,44.12,45.22,45.29,45.48,45.29,45.64
51,344.0,468.9375,16,"z_0,z_1,z_2,z_3,z_4,z_5,z_6,z_7,z_8,z_9,z_10,z_11,z_12,z_13,z_14,z_15",37.78,45.56,41.665,2.5964639415944135,37.78,37.78,38.71,39.28,39.58,40.06,40.63,41.2,41.9,42.18,43.54,43.65,45.14,44.66,45.56,44.99
42,399.9375,379.0,16,"z_0,z_1,z_2,z_3,z_4,z_5,z_6,z_7,z_8,z_9,z_10,z_11,z_12,z_13,z_14,z_15",38.06,45.51,42.245000000000005,2.6210994830414203,38.06,38.37,39.0,39.47,40.13,40.78,40.99,42.18,43.08,43.38,44.46,44.92,44.92,45.51,45.29,45.38
54,353.0,490.0,16,"z_0,z_1,z_2,z_3,z_4,z_5,z_6,z_7,z_8,z_9,z_10,z_11,z_12,z_13,z_14,z_15",37.79,45.5,41.621875,2.736857730020872,37.79,37.89,38.44,38.46,39.34,40.01,40.09,41.17,41.94,42.68,43.56,43.96,44.79,44.91,45.5,45.42
56,315.43750000000006,439.5,16,"z_0,z_1,z_2,z_3,z_4,z_5,z_6,z_7,z_8,z_9,z_10,z_11,z_12,z_13,z_14,z_15",38.0,45.5,41.95625,2.755546395454084,38.0,38.06,38.85,39.31,39.32,40.27,40.62,41.06,42.29,43.13,43.87,44.72,45.39,45.48,45.5,45.43
364,178.0,201.68749999999997,16,"z_0,z_1,z_2,z_3,z_4,z_5,z_6,z_7,z_8,z_9,z_10,z_11,z_12,z_13,z_14,z_15",36.59,45.19,40.90875,2.967540806374868,36.59,37.04,37.05,37.66,38.33,39.01,40.09,40.41,40.97,41.93,43.35,43.55,44.04,44.26,45.07,45.19
396,62.0,146.0,16,"z_0,z_1,z_2,z_3,z_4,z_5,z_6,z_7,z_8,z_9,z_10,z_11,z_12,z_13,z_14,z_15",36.77,45.14,40.67375,2.8549231053567796,36.77,36.77,37.25,37.62,38.21,38.93,39.39,40.36,40.95,41.46,42.18,43.08,43.4,44.13,45.14,45.14
363,205.0,46.50000000000001,16,"z_0,z_1,z_2,z_3,z_4,z_5,z_6,z_7,z_8,z_9,z_10,z_11,z_12,z_13,z_14,z_15",36.67,45.09,40.855,2.934793433957491,36.67,36.92,37.58,37.67,38.06,38.61,39.73,40.3,41.22,41.96,43.36,43.42,43.82,44.6,44.67,45.09
372,181.0,20.3125,16,"z_0,z_1,z_2,z_3,z_4,z_5,z_6,z_7,z_8,z_9,z_10,z_11,z_12,z_13,z_14,z_15",36.7,45.07,40.4425,2.9323401490959395,36.7,36.78,36.77,37.41,37.73,38.46,39.01,40.04,40.08,41.8,42.18,42.18,43.99,44.41,44.47,45.07
241,465.85714285714283,281.0,14,"z_0,z_1,z_2,z_3,z_4,z_5,z_6,z_7,z_8,z_9,z_10,z_11,z_14,z_15",37.09,45.07,40.105714285714285,2.248201548812213,45.07,44.59,38.42,38.42,38.42,37.09,38.42,40.02,40.02,40.02,40.45,38.42,,,40.45,41.67
249,415.0,302.0,16,"z_0,z_1,z_2,z_3,z_4,z_5,z_6,z_7,z_8,z_9,z_10,z_11,z_12,z_13,z_14,z_15",37.34,44.98,41.408125,2.5491572596399377,37.34,37.51,38.3,38.58,39.35,40.07,40.67,41.52,41.87,42.69,43.23,43.39,44.73,44.98,43.99,44.31
275,466.81249999999994,205.31250000000003,16,"z_0,z_1,z_2,z_3,z_4,z_5,z_6,z_7,z_8,z_9,z_10,z_11,z_12,z_13,z_14,z_15",36.42,44.97,40.455625,2.969854728665192,36.42,36.52,36.77,37.47,37.73,38.42,39.13,40.05,40.57,41.53,42.18,42.92,43.56,44.49,44.97,44.56
139,69.81250000000001,468.56249999999994,16,"z_0,z_1,z_2,z_3,z_4,z_5,z_6,z_7,z_8,z_9,z_10,z_11,z_12,z_13,z_14,z_15",37.87,44.89,41.621875,2.6026626240016206,37.87,37.89,38.29,38.58,38.98,40.13,40.91,41.67,42.23,43.02,43.54,43.73,44.66,44.89,44.82,44.74
232,374.06250000000006,176.93749999999997,16,"z_0,z_1,z_2,z_3,z_4,z_5,z_6,z_7,z_8,z_9,z_10,z_11,z_12,z_13,z_14,z_15",36.77,44.88,41.139375,2.725457458735139,36.77,37.47,37.29,38.28,38.97,40.25,40.3,40.57,41.29,42.37,43.03,43.72,44.04,44.43,44.57,44.88
40,474.0,433.0,16,"z_0,z_1,z_2,z_3,z_4,z_5,z_6,z_7,z_8,z_9,z_10,z_11,z_12,z_13,z_14,z_15",36.93,44.67,41.06125,2.7269806448708067,36.93,37.3,38.0,38.35,38.55,39.46,39.51,40.45,41.35,42.18,43.8,43.82,43.84,44.15,44.67,44.62
277,353.0,104.0,16,"z_0,z_1,z_2,z_3,z_4,z_5,z_6,z_7,z_8,z_9,z_10,z_11,z_12,z_13,z_14,z_15",36.66,44.64,40.140625,2.888354784193763,36.66,36.67,36.76,36.92,37.34,37.83,38.63,39.16,40.37,41.2,42.31,42.79,42.92,43.87,44.18,44.64
70,373.0,346.24999999999994,16,"z_0,z_1,z_2,z_3,z_4,z_5,z_6,z_7,z_8,z_9,z_10,z_11,z_12,z_13,z_14,z_15",37.43,44.61,40.905,2.534603026116713,37.43,37.49,37.49,38.06,38.79,39.3,39.53,40.77,41.4,41.86,43.08,43.56,43.95,44.61,43.37,43.79
263,478.0,289.0,15,"z_0,z_1,z_2,z_3,z_4,z_5,z_6,z_7,z_8,z_9,z_10,z_12,z_13,z_14,z_15",37.81,44.6,41.45333333333333,2.513575585142055,37.81,38.06,38.38,38.75,39.36,40.3,40.43,41.68,42.18,43.03,43.45,,44.59,44.59,44.6,44.59
240,432.8666666666666,259.2666666666666,15,"z_0,z_1,z_2,z_4,z_5,z_6,z_7,z_8,z_9,z_10,z_11,z_12,z_13,z_14,z_15",31.91,44.57,40.35466666666665,3.931433778604893,43.5,42.98,44.57,,44.54,44.54,42.96,40.93,40.93,40.93,40.93,38.92,38.7,36.64,32.34,31.91
407,136.0,132.0,16,"z_0,z_1,z_2,z_3,z_4,z_5,z_6,z_7,z_8,z_9,z_10,z_11,z_12,z_13,z_14,z_15",35.88,44.56,39.833124999999995,2.995483514288636,36.12,35.88,36.1,36.56,37.71,37.95,38.2,39.21,39.51,40.47,41.66,42.18,42.97,44.04,44.56,44.21
369,291.0,147.50000000000003,16,"z_0,z_1,z_2,z_3,z_4,z_5,z_6,z_7,z_8,z_9,z_10,z_11,z_12,z_13,z_14,z_15",36.55,44.39,40.888125,2.834310363099814,36.55,37.36,37.47,37.71,38.06,38.68,39.83,40.51,41.94,42.29,43.07,43.62,44.24,44.39,44.16,44.33
308,30.0,251.31250000000003,16,"z_0,z_1,z_2,z_3,z_4,z_5,z_6,z_7,z_8,z_9,z_10,z_11,z_12,z_13,z_14,z_15",35.65,44.37,40.119375000000005,2.9879099483376335,35.65,36.07,36.42,37.12,37.29,38.2,39.0,39.53,40.91,41.38,42.05,42.57,43.51,43.7,44.37,44.14
165,335.0,268.0,15,"z_0,z_1,z_2,z_3,z_4,z_5,z_6,z_7,z_8,z_9,z_10,z_11,z_12,z_13,z_15",36.77,44.33,40.471999999999994,2.5710444051656003,36.77,37.12,37.41,37.66,38.69,38.8,39.82,40.1,41.77,41.8,42.18,42.99,43.38,44.33,,44.26
404,167.06250000000003,142.0,16,"z_0,z_1,z_2,z_3,z_4,z_5,z_6,z_7,z_8,z_9,z_10,z_11,z_12,z_13,z_14,z_15",36.1,44.29,40.543125,2.8450059726431145,36.1,36.92,37.11,37.39,38.28,38.58,39.17,40.07,40.95,41.8,42.99,43.18,43.58,44.12,44.16,44.29
374,73.875,185.31250000000003,16,"z_0,z_1,z_2,z_3,z_4,z_5,z_6,z_7,z_8,z_9,z_10,z_11,z_12,z_13,z_14,z_15",35.84,44.26,39.934375,2.9803270977151133,35.84,35.84,35.84,36.67,37.49,38.42,38.94,39.31,40.42,40.78,41.62,42.48,43.14,44.26,43.87,44.03
410,183.0,245.0,16,"z_0,z_1,z_2,z_3,z_4,z_5,z_6,z_7,z_8,z_9,z_10,z_11,z_12,z_13,z_14,z_15",35.92,44.24,39.666250000000005,2.8896363849972544,35.92,36.04,36.38,36.55,36.97,37.81,38.2,38.91,39.58,40.4,41.69,42.18,42.18,43.73,43.88,44.24
106,311.37500000000006,480.9375,16,"z_0,z_1,z_2,z_3,z_4,z_5,z_6,z_7,z_8,z_9,z_10,z_11,z_12,z_13,z_14,z_15",38.01,44.22,41.3225,2.198085814976294,38.01,38.04,38.82,38.82,39.31,40.34,40.56,41.13,41.16,42.9,43.19,43.23,44.17,44.18,44.22,43.08
103,305.0,392.0,7,"z_0,z_1,z_2,z_3,z_4,z_5,z_6",40.72,44.22,42.35000000000001,1.1873620220592254,40.72,40.98,42.03,42.19,42.7,43.61,44.22,,,,,,,,,
361,276.68749999999994,201.0,16,"z_0,z_1,z_2,z_3,z_4,z_5,z_6,z_7,z_8,z_9,z_10,z_11,z_12,z_13,z_14,z_15",35.75,44.19,40.2475,2.882413268426302,35.84,35.75,36.52,37.12,38.25,38.65,38.91,40.45,40.71,41.93,42.36,43.11,43.38,43.82,44.19,42.97
258,398.0,204.0769230769231,13,"z_0,z_1,z_2,z_3,z_4,z_5,z_6,z_7,z_8,z_9,z_10,z_14,z_15",36.75,44.04,39.909230769230774,2.4821778946303814,36.75,36.9,37.2,37.56,38.35,39.36,39.51,40.08,40.62,41.66,42.98,,,,44.04,43.81
233,428.72727272727275,99.0,11,"z_0,z_1,z_2,z_3,z_4,z_5,z_6,z_7,z_8,z_9,z_10",37.96,44.02,40.305454545454545,1.839191342244855,37.96,38.37,38.52,38.8,39.55,39.82,40.69,41.4,42.05,42.18,44.02,,,,,
131,95.0,323.0,16,"z_0,z_1,z_2,z_3,z_4,z_5,z_6,z_7,z_8,z_9,z_10,z_11,z_12,z_13,z_14,z_15",35.4,43.96,39.739999999999995,3.0626540777567417,35.42,35.4,35.96,36.12,37.17,37.81,38.47,39.75,40.51,40.51,41.73,42.72,43.14,43.96,43.96,43.21
107,116.08333333333333,443.0,12,"z_0,z_1,z_2,z_3,z_4,z_5,z_6,z_7,z_8,z_9,z_10,z_11",37.19,43.95,40.035833333333336,2.371059743143466,37.27,37.19,37.39,38.29,38.54,39.01,40.25,40.65,41.4,42.95,43.54,43.95,,,,
400,274.0,108.9375,16,"z_0,z_1,z_2,z_3,z_4,z_5,z_6,z_7,z_8,z_9,z_10,z_11,z_12,z_13,z_14,z_15",36.1,43.88,40.408125,2.8084319885614115,36.1,36.95,36.93,36.93,37.76,38.75,39.57,39.91,40.93,41.71,42.69,42.9,43.84,43.88,43.84,43.84
252,400.0625,238.31250000000003,16,"z_0,z_1,z_2,z_3,z_4,z_5,z_6,z_7,z_8,z_9,z_10,z_11,z_12,z_13,z_14,z_15",34.7,43.87,38.856875,3.1412531710091427,34.7,34.83,35.35,35.6,35.84,36.67,37.27,37.86,38.97,40.3,40.65,41.42,42.17,43.08,43.13,43.87
143,169.0,387.3333333333333,15,"z_0,z_1,z_2,z_3,z_4,z_5,z_6,z_7,z_8,z_9,z_10,z_11,z_13,z_14,z_15",35.88,43.84,40.51533333333334,2.5666394803755006,35.88,37.17,37.17,38.49,38.57,38.93,40.37,40.78,41.99,41.77,42.62,42.8,,43.84,43.54,43.81
121,204.0,457.0,16,"z_0,z_1,z_2,z_3,z_4,z_5,z_6,z_7,z_8,z_9,z_10,z_11,z_12,z_13,z_14,z_15",36.38,43.83,40.926249999999996,2.604435819424237,36.38,36.94,37.56,38.25,38.53,39.59,40.35,41.15,42.25,42.72,43.13,43.28,43.62,43.62,43.62,43.83
370,277.0,86.4375,16,"z_0,z_1,z_2,z_3,z_4,z_5,z_6,z_7,z_8,z_9,z_10,z_11,z_12,z_13,z_14,z_15",34.83,43.73,38.750625,2.938899600084188,35.36,34.83,34.93,35.29,36.46,36.74,37.27,38.25,39.1,39.59,40.58,40.85,41.59,42.53,42.91,43.73
250,396.90000000000003,165.20000000000005,10,"z_0,z_1,z_2,z_3,z_4,z_5,z_6,z_7,z_8,z_15",35.28,43.58,37.662,2.42211395272807,35.28,35.58,35.74,35.84,36.52,37.27,38.55,38.95,39.31,,,,,,,43.58
435,244.88888888888889,143.88888888888889,9,"z_0,z_1,z_2,z_3,z_4,z_5,z_6,z_8,z_15",35.17,43.56,37.46111111111111,2.4945916808810593,35.17,35.29,35.73,35.84,36.77,37.88,37.91,,39.0,,,,,,,43.56
429,189.0,61.1875,16,"z_0,z_1,z_2,z_3,z_4,z_5,z_6,z_7,z_8,z_9,z_10,z_11,z_12,z_13,z_14,z_15",33.83,43.42,37.831875,2.9766344643531557,33.83,33.98,34.72,34.63,35.13,35.84,36.4,37.04,38.12,38.48,39.57,40.69,40.97,41.94,40.55,43.42
45,390.7692307692308,440.38461538461536,13,"z_0,z_1,z_2,z_3,z_4,z_5,z_6,z_7,z_8,z_9,z_10,z_11,z_15",35.12,43.36,38.20384615384616,2.5073109667577462,35.42,35.12,35.62,35.84,36.52,37.27,37.88,38.3,38.98,39.86,41.16,41.32,,,,43.36
253,403.5,263.0,16,"z_0,z_1,z_2,z_3,z_4,z_5,z_6,z_7,z_8,z_9,z_10,z_11,z_12,z_13,z_14,z_15",36.1,43.35,39.70375,2.6139215629968704,36.1,36.1,36.3,37.27,37.46,38.11,38.54,39.0,39.53,41.2,41.34,41.87,42.61,43.35,43.35,43.13
280,499.0,219.0,15,"z_0,z_1,z_2,z_3,z_4,z_5,z_6,z_7,z_8,z_9,z_10,z_11,z_12,z_13,z_14",35.84,43.35,39.46933333333333,2.646402505708877,35.84,36.09,36.12,36.45,37.38,38.3,38.52,39.26,40.04,41.01,41.99,42.18,42.31,43.35,43.2,
269,449.0,27.0,16,"z_0,z_1,z_2,z_3,z_4,z_5,z_6,z_7,z_8,z_9,z_10,z_11,z_12,z_13,z_14,z_15",35.53,43.33,39.395625,2.771991542082155,35.53,35.91,36.39,36.48,36.92,36.92,38.01,38.82,39.6,40.59,41.01,42.13,42.95,42.86,42.88,43.33
90,117.0,410.0,16,"z_0,z_1,z_2,z_3,z_4,z_5,z_6,z_7,z_8,z_9,z_10,z_11,z_12,z_13,z_14,z_15",35.75,43.25,40.083749999999995,2.6137565757927796,35.75,36.1,36.49,37.59,37.71,38.67,39.88,40.49,40.94,40.94,41.79,42.18,43.18,43.25,43.21,43.17
426,308.6875,231.06250000000003,16,"z_0,z_1,z_2,z_3,z_4,z_5,z_6,z_7,z_8,z_9,z_10,z_11,z_12,z_13,z_14,z_15",35.69,43.16,39.375625,2.5771373865929226,35.75,35.69,36.4,36.61,37.14,37.66,38.35,38.78,39.71,40.55,40.97,41.86,41.85,42.59,42.94,43.16
71,348.0,348.0,16,"z_0,z_1,z_2,z_3,z_4,z_5,z_6,z_7,z_8,z_9,z_10,z_11,z_12,z_13,z_14,z_15",33.68,43.15,37.85937499999999,3.0911253386711763,33.68,34.12,34.02,34.32,35.19,35.7,36.4,37.56,37.89,39.14,39.51,40.4,41.12,41.62,41.93,43.15
281,419.5625,248.50000000000003,16,"z_0,z_1,z_2,z_3,z_4,z_5,z_6,z_7,z_8,z_9,z_10,z_11,z_12,z_13,z_14,z_15",35.49,43.13,39.285625,2.7278310265437993,35.49,35.63,35.84,36.51,36.52,37.4,38.42,38.86,39.53,40.26,41.37,41.96,42.23,42.42,43.13,43.0
875,328.2,366.0,10,"z_1,z_2,z_4,z_8,z_9,z_10,z_11,z_12,z_13,z_14",40.21,43.05,41.761,0.8045675857253998,,41.94,41.94,,41.94,,,,40.67,41.47,42.32,43.05,41.5,42.57,40.21,
67,425.0,463.9375,16,"z_0,z_1,z_2,z_3,z_4,z_5,z_6,z_7,z_8,z_9,z_10,z_11,z_12,z_13,z_14,z_15",35.48,42.98,39.1825,2.628869766648777,35.48,35.88,36.16,36.34,36.92,37.5,37.89,38.55,39.36,39.83,40.62,41.37,42.23,42.91,42.9,42.98
62,371.625,368.0,16,"z_0,z_1,z_2,z_3,z_4,z_5,z_6,z_7,z_8,z_9,z_10,z_11,z_12,z_13,z_14,z_15",35.56,42.97,39.318749999999994,2.5945010960683748,35.58,35.56,35.75,36.49,36.89,38.34,38.38,39.21,39.51,40.46,41.24,42.18,42.18,42.18,42.97,42.18
78,148.875,381.0625,16,"z_0,z_1,z_2,z_3,z_4,z_5,z_6,z_7,z_8,z_9,z_10,z_11,z_12,z_13,z_14,z_15",35.52,42.97,39.169375,2.684214197744844,35.52,35.84,35.75,35.84,36.77,37.83,38.42,38.42,39.01,40.08,41.36,41.18,42.78,42.97,42.95,41.99
365,296.62499999999994,39.50000000000001,16,"z_0,z_1,z_2,z_3,z_4,z_5,z_6,z_7,z_8,z_9,z_10,z_11,z_12,z_13,z_14,z_15",34.93,42.95,38.6125,2.7419689549664854,35.15,34.93,34.93,35.84,36.52,36.57,37.37,37.82,39.0,39.53,40.42,40.76,41.48,41.96,42.57,42.95
431,224.0,91.75,16,"z_0,z_1,z_2,z_3,z_4,z_5,z_6,z_7,z_8,z_9,z_10,z_11,z_12,z_13,z_14,z_15",34.91,42.95,38.79,2.6218051987132838,34.91,35.07,35.78,35.78,36.58,37.29,38.45,38.63,39.01,39.44,39.53,41.04,41.67,42.25,42.26,42.95
871,286.0,274.0,4,"z_1,z_12,z_13,z_14",38.75,42.95,41.09,1.6198302380187881,,42.95,,,,,,,,,,,40.48,42.18,38.75,
80,254.0,365.0,16,"z_0,z_1,z_2,z_3,z_4,z_5,z_6,z_7,z_8,z_9,z_10,z_11,z_12,z_13,z_14,z_15",35.18,42.91,39.13875,2.739637008346178,35.18,35.56,35.72,36.44,36.45,37.36,37.99,38.55,39.51,40.1,41.24,41.79,41.9,42.91,42.76,42.76
164,404.12500000000006,284.0,16,"z_0,z_1,z_2,z_3,z_4,z_5,z_6,z_7,z_8,z_9,z_10,z_11,z_12,z_13,z_14,z_15",34.02,42.77,38.0275,2.904226446060981,34.02,34.02,34.74,35.02,35.49,36.12,36.92,37.3,38.15,38.79,39.53,41.04,41.04,41.67,41.82,42.77
327,214.0,293.0,16,"z_0,z_1,z_2,z_3,z_4,z_5,z_6,z_7,z_8,z_9,z_10,z_11,z_12,z_13,z_14,z_15",35.64,42.77,39.43625,2.6021334396029725,35.64,35.71,36.09,36.61,36.92,37.67,38.83,39.22,40.07,40.93,41.37,41.52,42.18,42.69,42.77,42.76
357,131.25,279.37500000000006,16,"z_0,z_1,z_2,z_3,z_4,z_5,z_6,z_7,z_8,z_9,z_10,z_11,z_12,z_13,z_14,z_15",34.46,42.7,38.305625,2.8736365652905724,34.46,34.51,34.93,35.62,35.84,35.84,36.57,37.85,38.83,39.06,40.19,40.69,41.72,42.08,42.0,42.7
48,431.62499999999994,376.125,16,"z_0,z_1,z_2,z_3,z_4,z_5,z_6,z_7,z_8,z_9,z_10,z_11,z_12,z_13,z_14,z_15",34.63,42.53,38.290625,2.7074306748973274,34.63,34.93,35.29,35.61,35.84,35.84,36.91,37.65,38.73,38.8,40.32,40.93,40.94,41.53,42.17,42.53
215,362.0,164.0,9,"z_0,z_1,z_2,z_7,z_8,z_9,z_10,z_11,z_13",40.45,42.49,40.89,0.6092618484691124,42.49,40.93,40.93,,,,,40.45,40.93,40.93,40.45,40.45,,40.45,,
462,74.92307692307692,168.76923076923077,13,"z_0,z_1,z_2,z_3,z_4,z_5,z_6,z_7,z_8,z_9,z_10,z_11,z_15",39.58,42.48,40.73615384615385,1.0795692763714633,41.34,42.18,42.18,41.16,40.9,39.7,39.7,39.58,39.58,39.7,39.7,42.48,,,,41.37
784,484.8125,30.1875,16,"z_0,z_1,z_2,z_3,z_4,z_5,z_6,z_7,z_8,z_9,z_10,z_11,z_12,z_13,z_14,z_15",35.02,42.38,38.429375,2.283953449476367,35.02,35.18,36.02,36.34,36.57,37.07,37.29,37.89,38.45,39.13,39.89,40.08,40.71,41.19,41.66,42.38
499,119.0,299.0,16,"z_0,z_1,z_2,z_3,z_4,z_5,z_6,z_7,z_8,z_9,z_10,z_11,z_12,z_13,z_14,z_15",29.37,42.37,34.363125,4.639613020972224,29.61,29.37,29.61,30.15,30.15,31.09,31.88,32.71,32.94,34.2,34.93,42.37,40.34,42.37,41.17,36.92
137,198.56249999999997,353.75000000000006,16,"z_0,z_1,z_2,z_3,z_4,z_5,z_6,z_7,z_8,z_9,z_10,z_11,z_12,z_13,z_14,z_15",34.03,42.32,38.49625,2.893058232649319,34.03,34.5,34.89,35.2,35.75,36.77,37.9,38.58,39.04,39.53,40.34,41.07,41.59,42.27,42.16,42.32
242,418.9375,42.312499999999986,16,"z_0,z_1,z_2,z_3,z_4,z_5,z_6,z_7,z_8,z_9,z_10,z_11,z_12,z_13,z_14,z_15",34.8,42.31,38.41375,2.611416940570771,34.8,35.13,35.36,35.62,35.75,36.61,37.12,38.04,38.77,39.36,40.35,40.73,40.73,41.95,42.31,41.99
419,192.74999999999997,263.4375,16,"z_0,z_1,z_2,z_3,z_4,z_5,z_6,z_7,z_8,z_9,z_10,z_11,z_12,z_13,z_14,z_15",33.74,42.24,38.0925,2.9501408864662713,33.74,34.04,34.36,34.63,35.52,35.84,37.27,38.42,38.84,39.31,40.43,40.27,41.14,41.21,42.22,42.24
69,464.5,473.5,16,"z_0,z_1,z_2,z_3,z_4,z_5,z_6,z_7,z_8,z_9,z_10,z_11,z_12,z_13,z_14,z_15",34.52,42.18,38.2275,2.7245836837946458,34.52,34.52,34.91,35.29,35.69,36.42,37.19,37.79,38.42,39.13,40.27,40.27,41.7,42.18,41.45,41.89
75,214.0,340.0,16,"z_0,z_1,z_2,z_3,z_4,z_5,z_6,z_7,z_8,z_9,z_10,z_11,z_12,z_13,z_14,z_15",34.79,42.18,39.037499999999994,2.7464215353801755,34.79,35.23,35.57,36.12,36.56,36.92,38.3,38.83,39.67,40.5,41.35,42.04,42.18,42.18,42.18,42.18
244,475.0,91.4375,16,"z_0,z_1,z_2,z_3,z_4,z_5,z_6,z_7,z_8,z_9,z_10,z_11,z_12,z_13,z_14,z_15",34.01,42.18,38.096875,2.7156806668632822,34.01,34.38,34.91,35.05,35.92,36.55,37.33,37.79,38.38,39.1,39.39,39.8,40.64,41.97,42.15,42.18
376,34.0,168.625,16,"z_0,z_1,z_2,z_3,z_4,z_5,z_6,z_7,z_8,z_9,z_10,z_11,z_12,z_13,z_14,z_15",33.6,41.9,37.238749999999996,2.799859092436617,33.61,33.6,33.86,34.58,34.63,35.13,35.84,36.67,37.27,38.2,38.92,40.3,40.57,41.22,39.52,41.9
869,109.0,494.6666666666667,6,"z_1,z_8,z_9,z_10,z_11,z_12",29.24,41.87,36.345000000000006,5.316658568436884,,35.96,,,,,,,29.24,29.46,41.87,41.74,39.8,,,
427,163.0,163.0,16,"z_0,z_1,z_2,z_3,z_4,z_5,z_6,z_7,z_8,z_9,z_10,z_11,z_12,z_13,z_14,z_15",33.41,41.84,37.48375,2.8584499186622123,33.41,33.85,33.98,34.32,34.94,35.75,36.39,36.94,37.78,38.31,39.19,39.75,40.45,41.2,41.64,41.84
401,313.0,134.0,16,"z_0,z_1,z_2,z_3,z_4,z_5,z_6,z_7,z_8,z_9,z_10,z_11,z_12,z_13,z_14,z_15",34.3,41.81,38.040000000000006,2.650929082416201,34.3,34.48,34.79,35.23,35.75,36.32,36.89,37.7,38.06,38.78,39.92,40.61,40.97,41.66,41.81,41.37
415,256.37500000000006,247.0,16,"z_0,z_1,z_2,z_3,z_4,z_5,z_6,z_7,z_8,z_9,z_10,z_11,z_12,z_13,z_14,z_15",33.61,41.8,37.45,2.747146246562057,33.61,33.78,33.98,34.7,34.93,35.92,36.39,37.23,37.83,38.25,39.77,39.95,38.29,41.22,41.55,41.8
39,318.6875,410.75,16,"z_0,z_1,z_2,z_3,z_4,z_5,z_6,z_7,z_8,z_9,z_10,z_11,z_12,z_13,z_14,z_15",35.18,41.69,38.53125,2.3966718460189744,35.18,35.58,35.58,35.75,35.84,37.12,37.27,38.42,39.38,39.44,40.19,40.71,41.22,41.46,41.67,41.69
234,491.43750000000006,103.4375,16,"z_0,z_1,z_2,z_3,z_4,z_5,z_6,z_7,z_8,z_9,z_10,z_11,z_12,z_13,z_14,z_15",34.96,41.67,38.075625,2.3737364237368475,34.96,35.11,35.14,35.66,36.02,36.75,36.7,37.49,37.98,38.9,39.01,40.25,40.53,41.42,41.67,41.62
273,394.3846153846154,83.69230769230768,13,"z_0,z_1,z_2,z_3,z_4,z_5,z_6,z_7,z_9,z_12,z_13,z_14,z_15",33.73,41.67,36.99692307692308,2.9215732974793536,33.73,33.73,33.85,34.43,34.69,35.26,36.49,37.12,,37.82,,,40.34,40.67,41.16,41.67
436,48.0,214.0,15,"z_0,z_1,z_2,z_3,z_4,z_5,z_6,z_7,z_8,z_9,z_10,z_11,z_12,z_13,z_14",34.02,41.6,37.208666666666666,2.555083473304846,34.02,34.02,34.32,34.5,34.79,35.75,36.63,37.13,37.32,38.43,38.57,39.59,40.24,41.22,41.6,
47,356.0,381.0,16,"z_0,z_1,z_2,z_3,z_4,z_5,z_6,z_7,z_8,z_9,z_10,z_11,z_12,z_13,z_14,z_15",33.01,41.54,36.845,2.927464773485755,33.01,33.01,33.66,34.05,34.32,34.46,35.67,36.09,36.98,37.3,38.08,39.16,39.83,40.97,41.39,41.54
375,276.0,130.0,14,"z_0,z_1,z_2,z_3,z_4,z_5,z_6,z_7,z_8,z_9,z_10,z_11,z_12,z_15",33.94,41.54,37.09214285714285,2.315004407806444,33.94,34.59,34.63,34.71,35.18,36.1,36.92,36.92,37.34,38.53,38.75,40.07,40.07,,,41.54
307,158.3125,263.3125,16,"z_0,z_1,z_2,z_3,z_4,z_5,z_6,z_7,z_8,z_9,z_10,z_11,z_12,z_13,z_14,z_15",34.7,41.46,38.451875,2.6238335950237,34.7,34.9,35.06,35.57,35.75,36.52,37.27,38.68,38.83,41.16,41.46,41.39,40.48,41.16,41.19,41.11
282,320.24999999999994,41.125,16,"z_0,z_1,z_2,z_3,z_4,z_5,z_6,z_7,z_8,z_9,z_10,z_11,z_12,z_13,z_14,z_15",33.59,41.36,37.399375000000006,2.672752487488319,33.85,33.59,34.63,34.92,35.01,35.75,35.75,36.51,37.27,38.01,39.15,40.45,40.58,40.71,40.85,41.36
287,85.37500000000001,203.0,16,"z_0,z_1,z_2,z_3,z_4,z_5,z_6,z_7,z_8,z_9,z_10,z_11,z_12,z_13,z_14,z_15",33.6,41.22,37.055,2.624004573166747,33.6,33.64,34.2,34.46,34.73,34.98,35.75,36.18,37.29,37.87,38.46,39.45,39.53,40.49,41.03,41.22
366,275.0625,223.0,16,"z_0,z_1,z_2,z_3,z_4,z_5,z_6,z_7,z_8,z_9,z_10,z_11,z_12,z_13,z_14,z_15",32.94,41.21,36.991875,2.69364116659495,32.94,33.71,33.71,34.2,34.97,35.46,35.78,36.12,37.29,37.56,38.46,38.98,39.92,40.57,41.21,40.99
59,457.5,451.0,16,"z_0,z_1,z_2,z_3,z_4,z_5,z_6,z_7,z_8,z_9,z_10,z_11,z_12,z_13,z_14,z_15",32.99,41.2,36.983125,2.7748124232774733,32.99,33.47,33.6,34.1,34.58,35.35,35.8,36.4,37.25,37.59,38.46,39.21,39.89,41.2,41.2,40.64
260,440.81249999999994,78.0,16,"z_0,z_1,z_2,z_3,z_4,z_5,z_6,z_7,z_8,z_9,z_10,z_11,z_12,z_13,z_14,z_15",32.54,41.04,36.085625,2.698619945337802,32.54,32.54,33.04,33.19,33.39,34.68,34.93,35.52,36.09,36.53,37.78,38.53,38.75,39.53,39.29,41.04
463,131.0,20.666666666666668,6,"z_0,z_1,z_2,z_3,z_4,z_6",40.13,40.99,40.461666666666666,0.2632119973624982,40.45,40.99,40.45,40.45,40.13,,40.3,,,,,,,,,
128,87.81250000000001,408.0,16,"z_0,z_1,z_2,z_3,z_4,z_5,z_6,z_7,z_8,z_9,z_10,z_11,z_12,z_13,z_14,z_15",33.28,40.97,36.744375,2.5882836222823418,33.28,33.33,33.47,34.47,34.79,34.9,34.93,36.43,37.02,37.29,38.11,38.8,39.9,39.9,40.32,40.97
43,365.0,398.75000000000006,16,"z_0,z_1,z_2,z_3,z_4,z_5,z_6,z_7,z_8,z_9,z_10,z_11,z_12,z_13,z_14,z_15",33.21,40.96,37.290625,2.6084153924126046,33.21,33.67,34.5,34.5,35.23,35.57,36.3,36.51,37.56,38.49,38.78,39.92,40.36,40.64,40.45,40.96
114,81.0,389.3125,16,"z_0,z_1,z_2,z_3,z_4,z_5,z_6,z_7,z_8,z_9,z_10,z_11,z_12,z_13,z_14,z_15",32.73,40.95,36.8425,3.0229900347172833,32.73,32.83,33.23,33.6,34.02,34.46,35.53,36.4,37.38,37.92,38.75,39.65,40.4,40.72,40.95,40.91
248,339.0,69.0,16,"z_0,z_1,z_2,z_3,z_4,z_5,z_6,z_7,z_8,z_9,z_10,z_11,z_12,z_13,z_14,z_15",32.65,40.93,35.939375,2.766067761168371,32.65,32.72,32.8,32.94,33.36,33.84,34.49,35.11,35.95,36.45,37.71,37.99,38.78,39.24,40.07,40.93
416,101.0,187.0,16,"z_0,z_1,z_2,z_3,z_4,z_5,z_6,z_7,z_8,z_9,z_10,z_11,z_12,z_13,z_14,z_15",33.22,40.93,36.974375,2.5255592666526363,33.22,33.98,34.0,34.33,35.02,35.29,35.67,36.4,36.96,37.56,38.35,39.38,39.78,40.36,40.36,40.93
290,13.0,239.68749999999997,16,"z_0,z_1,z_2,z_3,z_4,z_5,z_6,z_7,z_8,z_9,z_10,z_11,z_12,z_13,z_14,z_15",33.01,40.87,36.603125000000006,2.741114551487224,33.1,33.01,33.21,33.69,33.98,34.83,35.18,36.52,36.61,37.17,38.57,39.09,39.13,40.27,40.42,40.87
86,145.625,361.0,16,"z_0,z_1,z_2,z_3,z_4,z_5,z_6,z_7,z_8,z_9,z_10,z_11,z_12,z_13,z_14,z_15",32.99,40.86,37.035624999999996,2.744514913308907,32.99,33.59,33.59,34.0,34.74,35.29,35.84,36.65,37.2,37.93,38.66,39.8,40.35,40.45,40.63,40.86
270,411.0,139.125,16,"z_0,z_1,z_2,z_3,z_4,z_5,z_6,z_7,z_8,z_9,z_10,z_11,z_12,z_13,z_14,z_15",33.34,40.86,36.963125000000005,2.5506144327151836,33.34,34.2,34.2,34.38,34.43,35.16,35.46,36.12,36.92,37.57,38.75,39.39,40.07,40.07,40.49,40.86
79,126.0,462.0,16,"z_0,z_1,z_2,z_3,z_4,z_5,z_6,z_7,z_8,z_9,z_10,z_11,z_12,z_13,z_14,z_15",32.76,40.76,36.598125,2.750191399589309,32.76,33.05,33.14,33.71,34.2,34.42,35.48,36.06,37.14,37.51,38.44,39.35,39.5,40.17,40.76,39.88
149,491.6875,309.56249999999994,16,"z_0,z_1,z_2,z_3,z_4,z_5,z_6,z_7,z_8,z_9,z_10,z_11,z_12,z_13,z_14,z_15",33.98,40.76,37.63625,2.433389803853874,33.98,34.5,34.5,34.76,35.06,36.11,37.02,37.86,38.25,38.87,38.87,40.25,40.55,40.55,40.76,40.29
50,438.0,357.0,16,"z_0,z_1,z_2,z_3,z_4,z_5,z_6,z_7,z_8,z_9,z_10,z_11,z_12,z_13,z_14,z_15",33.01,40.73,36.92125,2.785580897676461,33.01,33.2,33.33,34.28,34.69,34.79,35.68,36.02,37.34,37.89,39.24,39.34,40.14,40.73,40.48,40.58
110,249.0,432.0,16,"z_0,z_1,z_2,z_3,z_4,z_5,z_6,z_7,z_8,z_9,z_10,z_11,z_12,z_13,z_14,z_15",32.94,40.7,37.155,2.6508677824440823,32.94,33.73,33.73,34.49,34.49,35.71,36.44,36.69,37.53,38.55,38.79,39.64,40.15,40.45,40.45,40.7
338,162.37499999999994,300.0625,16,"z_0,z_1,z_2,z_3,z_4,z_5,z_6,z_7,z_8,z_9,z_10,z_11,z_12,z_13,z_14,z_15",32.03,40.68,36.09,3.116105341608335,32.03,32.2,32.76,32.81,33.11,33.59,34.71,35.23,36.56,36.97,37.12,38.63,40.07,40.29,40.68,40.68
74,470.75000000000006,409.37500000000006,16,"z_0,z_1,z_2,z_3,z_4,z_5,z_6,z_7,z_8,z_9,z_10,z_11,z_12,z_13,z_14,z_15",33.03,40.62,37.10249999999999,2.736835535796771,33.03,33.34,33.78,33.98,34.91,35.05,35.84,37.27,37.29,38.78,38.98,39.53,40.1,40.57,40.62,40.57
175,500.0,254.875,16,"z_0,z_1,z_2,z_3,z_4,z_5,z_6,z_7,z_8,z_9,z_10,z_11,z_12,z_13,z_14,z_15",32.55,40.61,35.9175,2.7310082844986034,32.55,32.55,32.94,32.94,33.28,33.86,34.74,35.22,35.78,36.52,37.27,38.28,39.15,39.46,39.53,40.61
52,408.0,338.0,16,"z_0,z_1,z_2,z_3,z_4,z_5,z_6,z_7,z_8,z_9,z_10,z_11,z_12,z_13,z_14,z_15",32.81,40.55,36.178124999999994,2.81551553616296,32.81,32.94,32.94,32.94,32.94,34.2,35.48,35.55,36.12,36.6,37.73,38.38,39.16,40.44,40.55,40.07
276,416.625,159.0,16,"z_0,z_1,z_2,z_3,z_4,z_5,z_6,z_7,z_8,z_9,z_10,z_11,z_12,z_13,z_14,z_15",33.66,40.55,37.06875,2.5406861155010865,33.66,33.86,34.5,34.46,34.6,35.06,35.56,36.51,36.91,37.79,38.98,39.53,40.32,40.54,40.27,40.55
73,380.5625,457.87499999999994,16,"z_0,z_1,z_2,z_3,z_4,z_5,z_6,z_7,z_8,z_9,z_10,z_11,z_12,z_13,z_14,z_15",32.48,40.52,36.027499999999996,2.7700169223309814,32.48,32.51,32.88,32.94,33.68,34.02,34.88,35.53,36.32,36.66,37.02,37.87,38.78,39.83,40.52,40.52
459,485.0,330.9166666666667,12,"z_0,z_1,z_2,z_3,z_4,z_5,z_6,z_11,z_12,z_13,z_14,z_15",39.53,40.48,40.20666666666667,0.3200086804378199,40.48,40.48,40.48,40.48,40.3,40.24,40.24,,,,,40.24,40.24,40.24,39.53,39.53
147,436.1875,299.0,16,"z_0,z_1,z_2,z_3,z_4,z_5,z_6,z_7,z_8,z_9,z_10,z_11,z_12,z_13,z_14,z_15",31.88,40.45,35.20125,2.7170408420743337,31.88,32.03,32.34,32.57,32.94,32.94,33.73,34.2,35.45,35.48,36.45,36.72,38.2,38.52,39.32,40.45
190,414.0,58.43750000000001,16,"z_0,z_1,z_2,z_3,z_4,z_5,z_6,z_7,z_8,z_9,z_10,z_11,z_12,z_13,z_14,z_15",35.84,40.45,38.095,1.5116381842226676,40.02,40.02,38.75,40.02,40.45,40.03,38.42,37.38,37.16,37.14,37.16,37.09,37.16,36.44,35.84,36.44
317,218.06250000000003,271.0,16,"z_0,z_1,z_2,z_3,z_4,z_5,z_6,z_7,z_8,z_9,z_10,z_11,z_12,z_13,z_14,z_15",32.94,40.45,36.97625,2.678488087989192,32.94,33.21,33.45,34.2,34.59,35.48,35.92,36.69,37.76,37.83,38.91,39.74,40.01,40.17,40.45,40.27
92,274.43750000000006,406.0,16,"z_0,z_1,z_2,z_3,z_4,z_5,z_6,z_7,z_8,z_9,z_10,z_11,z_12,z_13,z_14,z_15",33.03,40.43,36.56125,2.44058618727141,33.03,33.73,33.6,34.2,34.68,34.83,35.42,35.75,36.38,37.19,38.25,38.25,39.41,39.55,40.28,40.43
420,279.0,243.18750000000003,16,"z_0,z_1,z_2,z_3,z_4,z_5,z_6,z_7,z_8,z_9,z_10,z_11,z_12,z_13,z_14,z_15",31.16,40.42,34.91625,2.9047178757152996,31.16,31.33,31.33,31.73,32.54,33.14,33.19,34.24,34.96,35.87,37.09,37.29,37.64,38.31,38.42,40.42
261,460.0,298.0,16,"z_0,z_1,z_2,z_3,z_4,z_5,z_6,z_7,z_8,z_9,z_10,z_11,z_12,z_13,z_14,z_15",31.67,40.25,34.724999999999994,2.7370559000502706,31.67,31.67,31.92,32.02,32.32,32.58,32.94,33.85,34.73,35.07,35.68,36.21,37.47,38.3,38.92,40.25
445,352.0,454.0,2,"z_0,z_1",40.24,40.25,40.245000000000005,0.004999999999999005,40.24,40.25,,,,,,,,,,,,,,
440,75.0,107.6875,16,"z_0,z_1,z_2,z_3,z_4,z_5,z_6,z_7,z_8,z_9,z_10,z_11,z_12,z_13,z_14,z_15",32.14,40.24,35.280625,2.616377430604194,32.14,32.32,32.32,32.51,32.78,33.41,34.04,34.74,35.05,35.84,36.67,36.94,37.78,38.01,39.7,40.24
443,301.0,250.0,16,"z_0,z_1,z_2,z_3,z_4,z_5,z_6,z_7,z_8,z_9,z_10,z_11,z_12,z_13,z_14,z_15",32.94,40.17,36.258125,2.5741338804294935,32.94,32.94,33.65,33.71,33.85,34.02,35.05,35.55,36.45,36.76,37.59,38.56,38.75,40.17,40.07,40.07
262,430.4375,144.43750000000003,16,"z_0,z_1,z_2,z_3,z_4,z_5,z_6,z_7,z_8,z_9,z_10,z_11,z_12,z_13,z_14,z_15",32.44,40.13,35.707499999999996,2.6132056463278976,32.44,32.44,32.44,33.03,33.37,33.83,34.36,35.36,35.73,35.84,37.89,37.9,38.42,38.97,39.17,40.13
377,225.0,135.75,16,"z_0,z_1,z_2,z_3,z_4,z_5,z_6,z_7,z_8,z_9,z_10,z_11,z_12,z_13,z_14,z_15",31.92,40.11,35.537499999999994,2.724420810007147,31.92,32.11,32.36,32.45,33.16,33.85,34.17,34.76,35.75,36.4,37.02,38.01,38.25,39.14,39.14,40.11
382,98.0,59.0,16,"z_0,z_1,z_2,z_3,z_4,z_5,z_6,z_7,z_8,z_9,z_10,z_11,z_12,z_13,z_14,z_15",31.89,40.1,35.03875,2.676707107156104,31.92,31.98,31.89,32.04,32.56,33.07,34.01,34.5,34.89,35.42,36.09,37.16,37.92,37.78,39.29,40.1
163,348.43750000000006,248.56250000000006,16,"z_0,z_1,z_2,z_3,z_4,z_5,z_6,z_7,z_8,z_9,z_10,z_11,z_12,z_13,z_14,z_15",33.91,40.08,36.25375,2.1130010500470657,33.91,34.3,34.44,34.43,34.43,34.1,34.5,35.15,35.71,36.39,37.27,38.25,38.78,39.11,39.21,40.08
314,48.0,131.0,16,"z_0,z_1,z_2,z_3,z_4,z_5,z_6,z_7,z_8,z_9,z_10,z_11,z_12,z_13,z_14,z_15",31.2,40.07,34.82625,3.0981927695835845,31.2,31.2,31.36,31.7,31.86,32.61,32.94,33.85,34.49,35.53,36.67,36.92,38.3,39.26,39.26,40.07
438,231.0,38.0,16,"z_0,z_1,z_2,z_3,z_4,z_5,z_6,z_7,z_8,z_9,z_10,z_11,z_12,z_13,z_14,z_15",32.94,40.07,36.244375,2.75504756934885,32.94,32.94,32.94,32.94,32.94,34.49,35.07,35.88,36.34,37.34,38.06,38.7,39.59,39.6,40.07,40.07
117,59.0,451.0,16,"z_0,z_1,z_2,z_3,z_4,z_5,z_6,z_7,z_8,z_9,z_10,z_11,z_12,z_13,z_14,z_15",32.94,40.05,36.27312500000001,2.4702599021914686,32.94,32.94,32.94,33.61,33.95,34.69,35.05,36.34,36.9,37.27,37.76,38.45,38.95,39.0,39.53,40.05
306,28.5,149.43750000000003,16,"z_0,z_1,z_2,z_3,z_4,z_5,z_6,z_7,z_8,z_9,z_10,z_11,z_12,z_13,z_14,z_15",31.75,40.04,35.29,2.7018697229881385,31.75,31.75,32.05,32.21,33.0,33.96,33.97,34.36,35.74,36.1,36.61,37.64,37.76,38.85,38.85,40.04
83,137.0,344.12500000000006,16,"z_0,z_1,z_2,z_3,z_4,z_5,z_6,z_7,z_8,z_9,z_10,z_11,z_12,z_13,z_14,z_15",31.15,40.02,35.328125,2.9860011276580263,31.15,31.15,31.74,32.21,32.65,32.99,34.01,34.79,36.06,37.23,37.56,37.78,38.25,38.47,39.19,40.02
245,429.0,24.875,16,"z_0,z_1,z_2,z_3,z_4,z_5,z_6,z_7,z_8,z_9,z_10,z_11,z_12,z_13,z_14,z_15",32.61,40.01,36.040625,2.437935778353277,32.61,32.98,33.28,33.35,33.95,33.98,35.6,35.62,36.11,36.58,37.39,38.25,38.25,38.78,39.91,40.01
144,124.68749999999999,498.0,16,"z_0,z_1,z_2,z_3,z_4,z_5,z_6,z_7,z_8,z_9,z_10,z_11,z_12,z_13,z_14,z_15",32.05,39.92,35.5975,2.749085075074979,32.05,32.65,32.28,32.73,33.21,33.21,34.1,34.83,35.8,36.34,37.2,37.56,38.46,39.39,39.83,39.92
173,409.0,24.0,16,"z_0,z_1,z_2,z_3,z_4,z_5,z_6,z_7,z_8,z_9,z_10,z_11,z_12,z_13,z_14,z_15",32.5,39.86,35.8475,2.500401217804855,32.61,32.5,32.94,32.94,32.94,34.49,34.97,35.93,36.08,36.72,37.57,37.57,38.38,38.38,39.68,39.86
312,180.0,278.5,16,"z_0,z_1,z_2,z_3,z_4,z_5,z_6,z_7,z_8,z_9,z_10,z_11,z_12,z_13,z_14,z_15",32.28,39.83,35.853125000000006,2.7087329112289744,32.28,32.34,32.52,33.08,33.22,33.96,34.04,35.46,36.43,37.12,37.64,38.41,38.8,38.99,39.53,39.83
310,256.0,227.25000000000003,16,"z_0,z_1,z_2,z_3,z_4,z_5,z_6,z_7,z_8,z_9,z_10,z_11,z_12,z_13,z_14,z_15",30.81,39.81,34.954375,2.671476578481459,30.81,31.95,32.19,32.19,32.72,33.03,34.02,34.32,34.79,35.55,36.55,36.61,37.62,38.08,39.03,39.81
288,271.37500000000006,279.4375,16,"z_0,z_1,z_2,z_3,z_4,z_5,z_6,z_7,z_8,z_9,z_10,z_11,z_12,z_13,z_14,z_15",31.83,39.73,35.42875,2.658479064709745,31.83,32.21,32.43,32.54,33.59,33.59,33.96,34.7,35.29,35.75,37.07,37.38,38.2,38.92,39.73,39.67
138,81.0,442.3125,16,"z_0,z_1,z_2,z_3,z_4,z_5,z_6,z_7,z_8,z_9,z_10,z_11,z_12,z_13,z_14,z_15",30.99,39.71,34.881874999999994,2.94436796857577,30.99,31.08,31.73,32.05,32.05,32.65,33.19,34.25,34.83,36.21,36.45,36.92,38.31,38.71,39.71,38.98
296,105.0,230.93749999999997,16,"z_0,z_1,z_2,z_3,z_4,z_5,z_6,z_7,z_8,z_9,z_10,z_11,z_12,z_13,z_14,z_15",31.57,39.71,35.301249999999996,2.8659049072675113,31.57,31.84,31.84,32.17,32.94,32.94,33.71,34.67,35.5,36.21,37.34,37.86,38.14,38.78,39.6,39.71
378,171.43749999999997,181.0,16,"z_0,z_1,z_2,z_3,z_4,z_5,z_6,z_7,z_8,z_9,z_10,z_11,z_12,z_13,z_14,z_15",31.45,39.71,34.96125,2.685774736924153,31.45,32.05,32.05,32.34,32.4,32.98,33.66,34.17,34.93,35.05,36.09,37.19,37.64,38.35,39.32,39.71
381,125.8125,68.4375,16,"z_0,z_1,z_2,z_3,z_4,z_5,z_6,z_7,z_8,z_9,z_10,z_11,z_12,z_13,z_14,z_15",31.63,39.67,35.394375,2.7282182114660483,31.63,31.95,32.21,33.04,33.04,33.59,33.59,34.78,35.57,35.84,36.67,37.94,38.56,38.56,39.67,39.67
412,103.0,24.0,16,"z_0,z_1,z_2,z_3,z_4,z_5,z_6,z_7,z_8,z_9,z_10,z_11,z_12,z_13,z_14,z_15",31.95,39.65,35.466875,2.649579491990192,31.95,31.95,32.51,32.84,33.11,33.58,34.18,34.67,35.71,36.04,36.9,37.7,38.52,38.78,39.38,39.65
413,163.0,244.06250000000003,16,"z_0,z_1,z_2,z_3,z_4,z_5,z_6,z_7,z_8,z_9,z_10,z_11,z_12,z_13,z_14,z_15",30.33,39.6,34.746874999999996,2.894159460771814,30.33,31.01,32.12,32.21,32.6,32.99,33.11,33.59,34.1,35.62,36.39,36.74,37.64,38.51,39.6,39.39
405,187.0,139.0,16,"z_0,z_1,z_2,z_3,z_4,z_5,z_6,z_7,z_8,z_9,z_10,z_11,z_12,z_13,z_14,z_15",32.2,39.55,35.659375,2.750605544125692,32.31,32.39,32.2,32.54,33.08,33.59,34.13,34.99,35.95,37.03,37.23,37.55,39.23,39.39,39.39,39.55
321,271.0,181.56249999999997,16,"z_0,z_1,z_2,z_3,z_4,z_5,z_6,z_7,z_8,z_9,z_10,z_11,z_12,z_13,z_14,z_15",32.03,39.53,35.97625,2.7522828592824538,32.15,32.03,32.4,32.54,33.58,34.28,35.48,35.75,36.38,37.34,39.53,37.83,38.33,39.18,39.41,39.41
129,225.5625,414.0,16,"z_0,z_1,z_2,z_3,z_4,z_5,z_6,z_7,z_8,z_9,z_10,z_11,z_12,z_13,z_14,z_15",32.94,39.44,36.233125,2.533674995806487,32.94,32.98,32.98,33.14,33.69,34.46,35.05,35.84,37.27,37.43,37.86,38.86,39.31,39.04,39.44,39.44
421,88.0,157.81249999999997,16,"z_0,z_1,z_2,z_3,z_4,z_5,z_6,z_7,z_8,z_9,z_10,z_11,z_12,z_13,z_14,z_15",32.19,39.44,35.182500000000005,2.519286853456748,32.19,32.19,32.33,32.71,32.86,33.39,33.61,34.39,35.1,35.69,36.61,36.93,37.7,38.46,39.32,39.44
489,60.0,232.0,16,"z_0,z_1,z_2,z_3,z_4,z_5,z_6,z_7,z_8,z_9,z_10,z_11,z_12,z_13,z_14,z_15",31.13,39.32,34.965624999999996,3.029525475940911,31.16,31.13,31.29,31.29,31.99,32.94,32.94,34.1,36.37,36.97,37.81,36.8,38.38,38.31,38.65,39.32
61,499.0,445.75,16,"z_0,z_1,z_2,z_3,z_4,z_5,z_6,z_7,z_8,z_9,z_10,z_11,z_12,z_13,z_14,z_15",32.09,39.31,35.159375,2.286029496610881,32.09,32.45,32.7,32.94,33.54,34.1,34.1,34.5,34.9,34.9,35.75,36.6,36.9,38.9,38.87,39.31
171,440.87499999999994,186.0,16,"z_0,z_1,z_2,z_3,z_4,z_5,z_6,z_7,z_8,z_9,z_10,z_11,z_12,z_13,z_14,z_15",31.37,39.29,35.3425,2.7856742900059217,31.37,31.37,32.21,32.21,33.14,33.25,34.57,35.05,35.62,36.08,36.92,37.56,38.38,39.23,39.29,39.23
115,298.75,496.24999999999994,16,"z_0,z_1,z_2,z_3,z_4,z_5,z_6,z_7,z_8,z_9,z_10,z_11,z_12,z_13,z_14,z_15",31.73,39.26,34.783750000000005,2.3715260777609,31.73,31.73,31.73,31.73,32.9,34.17,34.17,34.41,34.73,35.42,35.71,36.07,36.81,37.4,38.57,39.26
292,41.0,232.625,16,"z_0,z_1,z_2,z_3,z_4,z_5,z_6,z_7,z_8,z_9,z_10,z_11,z_12,z_13,z_14,z_15",31.15,39.13,35.0975,2.790487188646456,31.3,31.15,31.37,32.05,33.04,33.59,34.0,34.36,35.29,35.84,37.19,38.0,38.0,38.32,38.93,39.13
256,457.0,143.75,16,"z_0,z_1,z_2,z_3,z_4,z_5,z_6,z_7,z_8,z_9,z_10,z_11,z_12,z_13,z_14,z_15",31.53,39.06,34.978125,2.4884563959159505,31.53,31.99,32.06,32.94,32.94,32.94,33.71,34.32,34.46,35.75,36.41,37.1,37.55,37.94,38.95,39.06
127,146.0,442.0,16,"z_0,z_1,z_2,z_3,z_4,z_5,z_6,z_7,z_8,z_9,z_10,z_11,z_12,z_13,z_14,z_15",31.02,39.0,34.708124999999995,2.778882911238796,31.29,31.02,31.7,31.87,32.19,32.94,32.94,33.71,34.97,35.55,36.07,36.92,37.59,38.58,38.99,39.0
77,279.37500000000006,356.0,16,"z_0,z_1,z_2,z_3,z_4,z_5,z_6,z_7,z_8,z_9,z_10,z_11,z_12,z_13,z_14,z_15",31.63,38.98,34.978125000000006,2.4705141639697192,31.63,31.7,32.27,32.5,32.61,33.73,33.85,34.32,34.98,35.61,36.1,36.77,37.34,38.3,38.96,38.98
428,169.0,88.625,16,"z_0,z_1,z_2,z_3,z_4,z_5,z_6,z_7,z_8,z_9,z_10,z_11,z_12,z_13,z_14,z_15",31.98,38.97,34.958749999999995,2.37047957964206,32.41,31.98,32.34,32.4,32.57,33.37,33.61,34.18,34.79,35.42,36.45,36.67,37.76,38.26,38.16,38.97
311,271.0,260.625,16,"z_0,z_1,z_2,z_3,z_4,z_5,z_6,z_7,z_8,z_9,z_10,z_11,z_12,z_13,z_14,z_15",31.02,38.92,34.669375,2.7775449338174534,31.02,31.16,31.38,31.58,32.1,32.94,33.28,34.17,34.76,35.42,36.18,37.1,37.56,38.41,38.73,38.92
85,234.49999999999997,340.0,16,"z_0,z_1,z_2,z_3,z_4,z_5,z_6,z_7,z_8,z_9,z_10,z_11,z_12,z_13,z_14,z_15",31.37,38.91,35.093125,2.6864351814951726,31.37,31.37,31.37,32.6,32.71,33.33,33.85,34.83,35.23,36.49,37.27,37.29,37.88,38.14,38.85,38.91
294,295.0,126.68749999999999,16,"z_0,z_1,z_2,z_3,z_4,z_5,z_6,z_7,z_8,z_9,z_10,z_11,z_12,z_13,z_14,z_15",30.62,38.89,34.4875,2.850270820466012,30.62,30.64,31.14,31.77,32.02,32.34,33.19,34.1,34.53,35.1,36.19,36.65,37.79,38.35,38.48,38.89
425,224.43749999999994,111.81250000000001,16,"z_0,z_1,z_2,z_3,z_4,z_5,z_6,z_7,z_8,z_9,z_10,z_11,z_12,z_13,z_14,z_15",31.09,38.8,34.715,2.3946372376625233,31.09,31.41,31.87,32.15,32.94,32.94,34.02,34.74,35.02,35.62,35.84,36.52,36.93,37.29,38.26,38.8
259,326.0,118.375,16,"z_0,z_1,z_2,z_3,z_4,z_5,z_6,z_7,z_8,z_9,z_10,z_11,z_12,z_13,z_14,z_15",31.98,38.79,34.91375,2.423963373795075,31.98,31.98,32.33,32.33,32.61,33.19,33.39,34.13,34.79,35.71,35.95,37.27,37.71,37.99,38.47,38.79
430,121.0,32.0,16,"z_0,z_1,z_2,z_3,z_4,z_5,z_6,z_7,z_8,z_9,z_10,z_11,z_12,z_13,z_14,z_15",31.75,38.75,34.700625,2.4267866324370178,31.75,31.75,31.75,32.11,32.63,32.94,33.49,33.85,34.82,35.48,35.95,36.38,37.39,37.71,38.46,38.75
295,248.0,274.0,16,"z_0,z_1,z_2,z_3,z_4,z_5,z_6,z_7,z_8,z_9,z_10,z_11,z_12,z_13,z_14,z_15",30.6,38.69,34.299375000000005,2.558162105765582,30.6,30.76,31.37,31.95,31.95,32.72,32.94,34.09,34.85,34.94,35.91,36.08,36.72,36.92,38.3,38.69
135,282.87499999999994,439.8125,16,"z_0,z_1,z_2,z_3,z_4,z_5,z_6,z_7,z_8,z_9,z_10,z_11,z_12,z_13,z_14,z_15",31.03,38.68,34.578125,2.4908588346943703,31.03,31.15,31.92,32.05,32.34,33.1,33.59,34.1,34.83,34.93,36.57,35.65,37.4,37.66,38.25,38.68
293,152.43749999999994,229.0,16,"z_0,z_1,z_2,z_3,z_4,z_5,z_6,z_7,z_8,z_9,z_10,z_11,z_12,z_13,z_14,z_15",30.64,38.65,34.0625,2.4138545420136652,30.64,31.16,31.25,31.58,31.9,32.61,33.33,33.8,34.13,33.85,35.84,35.68,35.99,37.03,37.56,38.65
418,28.0,114.68749999999999,16,"z_0,z_1,z_2,z_3,z_4,z_5,z_6,z_7,z_8,z_9,z_10,z_11,z_12,z_13,z_14,z_15",30.76,38.65,34.00125,2.752914081023961,30.76,31.02,31.02,31.02,31.48,31.92,32.26,33.01,33.86,34.62,35.05,36.39,37.12,37.67,38.17,38.65
166,446.8125,256.0,16,"z_0,z_1,z_2,z_3,z_4,z_5,z_6,z_7,z_8,z_9,z_10,z_11,z_12,z_13,z_14,z_15",31.56,38.53,34.548125,2.202116081040007,31.56,31.98,32.01,32.34,32.34,32.88,33.49,34.12,34.69,35.31,35.78,36.44,36.72,36.8,38.53,37.78
87,286.5625,383.0,16,"z_0,z_1,z_2,z_3,z_4,z_5,z_6,z_7,z_8,z_9,z_10,z_11,z_12,z_13,z_14,z_15",30.35,38.52,33.416875000000005,2.3999732257621127,30.35,30.5,30.79,30.79,31.21,31.8,32.98,32.98,33.33,34.01,34.1,34.79,35.37,36.4,36.75,38.52
362,185.0,41.625,16,"z_0,z_1,z_2,z_3,z_4,z_5,z_6,z_7,z_8,z_9,z_10,z_11,z_12,z_13,z_14,z_15",31.06,38.51,34.322500000000005,2.526028255978148,31.29,31.06,31.68,31.83,32.11,32.49,32.86,33.52,34.1,34.63,35.84,36.45,36.67,37.88,38.24,38.51
257,395.0,36.9375,16,"z_0,z_1,z_2,z_3,z_4,z_5,z_6,z_7,z_8,z_9,z_10,z_11,z_12,z_13,z_14,z_15",30.85,38.49,34.252500000000005,2.715873478275452,30.85,31.26,31.16,31.16,31.75,32.04,32.71,33.45,34.1,35.56,35.96,36.67,36.67,37.79,38.42,38.49
116,90.0,474.0,16,"z_0,z_1,z_2,z_3,z_4,z_5,z_6,z_7,z_8,z_9,z_10,z_11,z_12,z_13,z_14,z_15",30.41,38.48,34.236875,2.8117870624168892,30.41,30.41,31.75,31.75,31.75,32.15,32.97,33.23,33.73,34.89,35.42,36.25,37.67,38.45,38.48,38.48
133,101.0,422.0,16,"z_0,z_1,z_2,z_3,z_4,z_5,z_6,z_7,z_8,z_9,z_10,z_11,z_12,z_13,z_14,z_15",30.77,38.47,34.3675,2.607231529803212,30.77,31.44,31.81,31.81,31.86,32.4,33.11,33.85,33.85,34.43,36.04,36.2,37.51,37.86,38.47,38.47
33,448.0,482.9375,16,"z_0,z_1,z_2,z_3,z_4,z_5,z_6,z_7,z_8,z_9,z_10,z_11,z_12,z_13,z_14,z_15",32.19,38.45,34.998125,2.2753192598787098,32.19,32.4,32.84,32.52,32.71,33.01,33.49,34.63,34.71,35.68,36.39,37.14,37.16,38.36,38.29,38.45
409,84.0,71.625,16,"z_0,z_1,z_2,z_3,z_4,z_5,z_6,z_7,z_8,z_9,z_10,z_11,z_12,z_13,z_14,z_15",29.87,38.44,33.123125,2.747866715176521,29.87,30.33,30.04,30.33,30.35,31.02,31.67,32.34,32.61,33.91,34.38,35.42,35.71,36.1,37.45,38.44
360,113.0625,248.0,16,"z_0,z_1,z_2,z_3,z_4,z_5,z_6,z_7,z_8,z_9,z_10,z_11,z_12,z_13,z_14,z_15",30.26,38.42,33.815625,2.6705967702697087,30.26,30.51,30.26,30.51,32.02,32.15,32.4,33.48,34.68,34.9,34.9,35.42,36.53,36.94,37.67,38.42
422,200.0,26.625,16,"z_0,z_1,z_2,z_3,z_4,z_5,z_6,z_7,z_8,z_9,z_10,z_11,z_12,z_13,z_14,z_15",31.06,38.42,34.5325,2.383879453747611,31.06,31.06,32.94,32.94,31.99,32.6,32.94,33.73,34.69,35.26,35.84,36.49,37.27,37.27,38.02,38.42
125,213.0,493.0,16,"z_0,z_1,z_2,z_3,z_4,z_5,z_6,z_7,z_8,z_9,z_10,z_11,z_12,z_13,z_14,z_15",30.51,38.31,34.317499999999995,2.588697790395782,30.51,30.58,31.16,31.16,32.57,32.94,32.94,34.2,35.07,35.79,35.94,36.08,36.45,37.34,38.04,38.31
284,120.25,13.0,16,"z_0,z_1,z_2,z_3,z_4,z_5,z_6,z_7,z_8,z_9,z_10,z_11,z_12,z_13,z_14,z_15",31.26,38.31,34.170625,2.4054923320133446,31.26,31.26,31.29,31.81,31.87,32.56,32.94,33.47,34.2,34.69,34.93,36.48,36.67,37.17,37.82,38.31
367,211.0666666666667,9.733333333333334,15,"z_0,z_1,z_2,z_3,z_4,z_5,z_6,z_7,z_8,z_9,z_10,z_11,z_12,z_13,z_14",31.09,38.25,33.89533333333334,2.282962597639792,31.09,31.29,31.58,31.53,32.19,32.45,32.76,33.47,33.61,34.72,35.61,35.84,36.77,37.27,38.25,
68,487.24999999999994,359.87499999999994,16,"z_0,z_1,z_2,z_3,z_4,z_5,z_6,z_7,z_8,z_9,z_10,z_11,z_12,z_13,z_14,z_15",31.29,38.21,34.88875,2.456234096640628,31.29,31.36,31.89,32.24,32.81,33.38,33.83,34.56,35.49,35.78,36.52,37.27,37.49,37.95,38.21,38.15
172,338.0,27.4375,16,"z_0,z_1,z_2,z_3,z_4,z_5,z_6,z_7,z_8,z_9,z_10,z_11,z_12,z_13,z_14,z_15",31.02,38.06,34.223749999999995,2.44669387899263,31.02,31.29,31.29,31.55,32.01,32.44,32.61,33.74,34.3,35.42,36.06,36.34,36.55,37.47,38.06,37.43
439,179.0,110.31250000000001,16,"z_0,z_1,z_2,z_3,z_4,z_5,z_6,z_7,z_8,z_9,z_10,z_11,z_12,z_13,z_14,z_15",30.11,38.01,33.574375,2.6240235535099528,30.15,30.11,30.28,31.02,31.45,31.86,32.19,33.18,33.77,34.5,34.49,35.45,36.12,36.92,37.69,38.01
279,499.8125,85.75000000000001,16,"z_0,z_1,z_2,z_3,z_4,z_5,z_6,z_7,z_8,z_9,z_10,z_11,z_12,z_13,z_14,z_15",31.92,37.99,34.744375000000005,2.2296887920458763,31.92,32.1,32.19,32.34,32.34,33.15,33.39,34.39,34.83,35.29,36.42,37.02,37.29,37.42,37.83,37.99
442,307.5625,56.0,16,"z_0,z_1,z_2,z_3,z_4,z_5,z_6,z_7,z_8,z_9,z_10,z_11,z_12,z_13,z_14,z_15",30.6,37.94,33.840624999999996,2.490939754264442,30.77,30.6,30.92,31.3,31.48,32.26,32.61,32.61,34.17,34.79,35.53,35.69,36.61,36.61,37.94,37.56
198,318.5,213.375,8,"z_0,z_1,z_2,z_3,z_4,z_5,z_6,z_11",8.84,37.92,33.48875,9.330425281706082,36.02,37.09,37.09,37.92,37.09,37.29,36.57,,,,,8.84,,,,
406,100.0,80.125,16,"z_0,z_1,z_2,z_3,z_4,z_5,z_6,z_7,z_8,z_9,z_10,z_11,z_12,z_13,z_14,z_15",29.97,37.86,33.341875,2.571682860380533,29.97,30.57,30.22,30.82,30.85,31.36,32.18,32.65,33.59,33.93,34.68,34.98,35.71,36.67,37.43,37.86
91,260.0625,330.0,16,"z_0,z_1,z_2,z_3,z_4,z_5,z_6,z_7,z_8,z_9,z_10,z_11,z_12,z_13,z_14,z_15",30.33,37.83,33.723749999999995,2.2725890384097167,30.33,31.5,31.57,31.57,31.87,31.02,32.94,32.94,33.75,34.09,35.52,35.78,36.91,37.83,36.24,35.72
180,447.6875,211.06250000000003,16,"z_0,z_1,z_2,z_3,z_4,z_5,z_6,z_7,z_8,z_9,z_10,z_11,z_12,z_13,z_14,z_15",30.15,37.83,33.506249999999994,2.7469320955385856,30.15,30.33,30.33,30.33,31.01,31.56,31.95,32.65,33.59,34.13,35.02,36.1,36.49,37.32,37.83,37.31
408,89.18749999999999,40.8125,16,"z_0,z_1,z_2,z_3,z_4,z_5,z_6,z_7,z_8,z_9,z_10,z_11,z_12,z_13,z_14,z_15",31.14,37.83,34.183749999999996,2.413979792272504,31.14,31.14,31.14,31.64,31.88,32.17,32.94,33.71,34.67,35.43,35.45,36.45,36.93,36.93,37.49,37.83
119,156.93749999999997,422.0,16,"z_0,z_1,z_2,z_3,z_4,z_5,z_6,z_7,z_8,z_9,z_10,z_11,z_12,z_13,z_14,z_15",29.83,37.79,33.775625000000005,3.1061631652852695,29.83,29.83,29.83,30.28,30.56,31.38,32.01,32.75,35.05,36.39,36.39,36.88,37.04,37.05,37.35,37.79
167,430.9375,58.0,16,"z_0,z_1,z_2,z_3,z_4,z_5,z_6,z_7,z_8,z_9,z_10,z_11,z_12,z_13,z_14,z_15",30.85,37.78,34.03875000000001,2.3629136542624662,30.99,30.85,31.16,31.36,31.95,32.62,32.94,33.71,34.49,34.49,35.48,35.88,36.44,36.7,37.78,37.78
318,206.0,99.31250000000001,16,"z_0,z_1,z_2,z_3,z_4,z_5,z_6,z_7,z_8,z_9,z_10,z_11,z_12,z_13,z_14,z_15",30.77,37.78,33.900625000000005,2.5333610795492625,30.77,30.77,31.15,31.29,31.55,32.19,32.34,33.16,33.84,34.49,35.05,35.95,36.85,37.45,37.78,37.78
411,239.0,19.0,11,"z_0,z_1,z_2,z_3,z_4,z_5,z_6,z_7,z_8,z_9,z_10",32.94,37.78,34.74545454545454,1.7129048354204084,33.05,32.94,32.94,32.94,33.71,34.49,34.97,36.02,36.44,36.92,37.78,,,,,
890,392.8,401.0,5,"z_10,z_12,z_13,z_14,z_15",37.07,37.69,37.318,0.22292599668948368,,,,,,,,,,,37.39,,37.11,37.07,37.69,37.33
109,220.74999999999997,380.0,16,"z_0,z_1,z_2,z_3,z_4,z_5,z_6,z_7,z_8,z_9,z_10,z_11,z_12,z_13,z_14,z_15",30.15,37.67,33.76625,2.556865451583248,30.15,30.28,30.5,31.03,31.32,31.95,32.72,33.38,34.46,35.74,35.84,35.84,35.84,36.52,37.02,37.67
379,129.0,49.1875,16,"z_0,z_1,z_2,z_3,z_4,z_5,z_6,z_7,z_8,z_9,z_10,z_11,z_12,z_13,z_14,z_15",31.29,37.59,34.130624999999995,2.34754783963501,31.29,31.29,31.37,31.57,31.63,32.61,32.82,33.35,34.54,34.71,35.48,36.57,36.61,37.1,37.59,37.56
72,403.12500000000006,356.0625,16,"z_0,z_1,z_2,z_3,z_4,z_5,z_6,z_7,z_8,z_9,z_10,z_11,z_12,z_13,z_14,z_15",30.37,37.55,33.593125,2.573047120511981,30.37,30.37,30.79,31.11,31.25,31.58,32.13,32.61,33.48,34.2,35.43,36.02,36.12,36.93,37.55,37.55
320,149.0,149.81249999999997,16,"z_0,z_1,z_2,z_3,z_4,z_5,z_6,z_7,z_8,z_9,z_10,z_11,z_12,z_13,z_14,z_15",29.74,37.5,32.939375,2.5770100619467904,29.74,30.05,30.06,30.09,30.64,31.03,31.33,32.04,33.08,33.61,34.59,34.9,35.51,36.19,36.67,37.5
309,71.0,35.8125,16,"z_0,z_1,z_2,z_3,z_4,z_5,z_6,z_7,z_8,z_9,z_10,z_11,z_12,z_13,z_14,z_15",29.37,37.43,32.71625,2.7666222072230973,29.61,29.37,29.37,29.87,30.2,30.6,31.15,32.04,32.45,33.6,34.53,34.72,35.29,35.84,37.39,37.43
169,320.0,250.18750000000003,16,"z_0,z_1,z_2,z_3,z_4,z_5,z_6,z_7,z_8,z_9,z_10,z_11,z_12,z_13,z_14,z_15",29.83,37.4,32.860625,2.5328355373720965,30.05,30.09,30.46,29.83,30.91,31.25,31.25,31.9,31.9,33.33,34.1,34.5,35.43,36.25,37.12,37.4
146,412.0,177.0,16,"z_0,z_1,z_2,z_3,z_4,z_5,z_6,z_7,z_8,z_9,z_10,z_11,z_12,z_13,z_14,z_15",28.51,37.39,31.83,2.8335776855417247,28.51,28.51,28.63,28.63,29.35,29.61,30.76,30.76,31.68,32.75,33.69,33.73,34.02,35.48,35.78,37.39
130,132.0,430.0,16,"z_0,z_1,z_2,z_3,z_4,z_5,z_6,z_7,z_8,z_9,z_10,z_11,z_12,z_13,z_14,z_15",29.26,37.36,32.63875,2.6104067570974454,29.26,29.74,29.81,30.05,30.06,30.98,31.38,31.8,32.19,33.33,33.92,34.02,35.78,36.1,36.44,37.36
156,356.5625,215.37499999999997,16,"z_0,z_1,z_2,z_3,z_4,z_5,z_6,z_7,z_8,z_9,z_10,z_11,z_12,z_13,z_14,z_15",30.33,37.29,33.496874999999996,2.3068585748534742,30.85,30.85,30.85,30.33,31.37,32.12,32.54,33.04,33.59,33.59,34.6,35.68,35.84,36.49,37.29,36.92
37,443.8333333333333,424.0,12,"z_0,z_1,z_2,z_3,z_4,z_5,z_6,z_7,z_8,z_9,z_14,z_15",31.8,37.29,33.86083333333333,1.8034201688889802,31.8,31.83,31.92,32.39,32.94,32.94,33.71,34.49,35.07,35.5,,,,,36.45,37.29
433,293.3125,20.0,16,"z_0,z_1,z_2,z_3,z_4,z_5,z_6,z_7,z_8,z_9,z_10,z_11,z_12,z_13,z_14,z_15",30.51,37.27,33.751875000000005,2.3564571361208766,30.51,30.97,30.99,31.26,31.37,32.05,32.54,33.34,33.85,34.46,35.42,35.88,36.47,36.63,37.02,37.27
136,146.0,460.56249999999994,16,"z_0,z_1,z_2,z_3,z_4,z_5,z_6,z_7,z_8,z_9,z_10,z_11,z_12,z_13,z_14,z_15",31.02,37.23,33.95375,2.336011223753002,31.02,31.25,31.25,31.8,31.8,32.05,32.34,33.01,33.93,34.67,35.46,36.39,36.93,36.97,37.16,37.23
93,304.0,423.0,16,"z_0,z_1,z_2,z_3,z_4,z_5,z_6,z_7,z_8,z_9,z_10,z_11,z_12,z_13,z_14,z_15",29.6,37.2,32.61625,2.408427586102601,29.6,29.98,29.83,30.14,30.5,31.02,31.27,31.89,32.72,32.97,33.66,34.24,34.67,35.67,36.5,37.2
140,202.81249999999997,383.24999999999994,16,"z_0,z_1,z_2,z_3,z_4,z_5,z_6,z_7,z_8,z_9,z_10,z_11,z_12,z_13,z_14,z_15",30.15,37.12,33.69125,2.7200709434682038,30.15,30.24,30.22,30.33,30.33,32.2,32.54,33.59,34.5,35.2,35.84,36.39,36.57,37.12,36.92,36.92
254,409.0,96.31250000000001,16,"z_0,z_1,z_2,z_3,z_4,z_5,z_6,z_7,z_8,z_9,z_10,z_11,z_12,z_13,z_14,z_15",29.26,37.12,32.40625,2.6468468859191683,29.26,29.54,29.38,30.07,29.98,30.24,30.83,31.33,31.98,32.94,33.76,34.59,35.16,35.95,36.37,37.12
124,242.0,475.4375,16,"z_0,z_1,z_2,z_3,z_4,z_5,z_6,z_7,z_8,z_9,z_10,z_11,z_12,z_13,z_14,z_15",29.55,37.11,33.373125,2.7123115573943566,30.04,29.55,30.07,30.39,30.64,31.34,31.91,33.01,33.86,34.96,35.42,35.99,36.38,36.55,37.11,36.75
352,135.06250000000003,200.0,16,"z_0,z_1,z_2,z_3,z_4,z_5,z_6,z_7,z_8,z_9,z_10,z_11,z_12,z_13,z_14,z_15",29.45,37.11,32.474999999999994,2.455880697428114,29.45,29.76,29.76,30.13,30.13,30.85,31.29,31.45,32.26,32.61,33.77,34.47,35.42,36.43,37.11,34.71
14,335.0,378.31250000000006,16,"z_0,z_1,z_2,z_3,z_4,z_5,z_6,z_7,z_8,z_9,z_10,z_11,z_12,z_13,z_14,z_15",28.69,37.1,31.873125,2.6723017203106014,28.69,28.94,29.01,29.26,29.13,29.46,30.5,31.17,31.58,32.94,33.53,33.84,34.02,35.15,35.65,37.1
60,333.68750000000006,496.18750000000006,16,"z_0,z_1,z_2,z_3,z_4,z_5,z_6,z_7,z_8,z_9,z_10,z_11,z_12,z_13,z_14,z_15",30.33,37.09,33.476875,2.4377877234031278,30.33,30.33,30.33,30.33,31.73,31.75,32.54,33.59,33.59,34.02,34.76,35.46,36.1,37.07,37.09,36.61
444,61.31249999999999,256.0,16,"z_0,z_1,z_2,z_3,z_4,z_5,z_6,z_7,z_8,z_9,z_10,z_11,z_12,z_13,z_14,z_15",29.6,37.05,32.99187499999999,2.6855335101940163,30.05,29.64,30.08,29.6,30.6,30.81,31.38,32.34,32.98,33.74,34.74,35.8,36.04,36.51,36.51,37.05
291,24.5,9.625,16,"z_0,z_1,z_2,z_3,z_4,z_5,z_6,z_7,z_8,z_9,z_10,z_11,z_12,z_13,z_14,z_15",29.83,36.97,32.83375,2.5086497239551004,29.83,29.95,29.85,30.06,30.23,31.25,31.36,32.65,32.99,33.04,33.96,34.84,35.69,36.09,36.97,36.58
113,227.0,360.0,16,"z_0,z_1,z_2,z_3,z_4,z_5,z_6,z_7,z_8,z_9,z_10,z_11,z_12,z_13,z_14,z_15",30.37,36.92,33.675,2.290472112905983,30.37,30.78,31.02,31.02,31.92,32.09,32.57,32.94,33.73,34.93,35.0,36.1,36.42,36.48,36.51,36.92
303,131.0,164.31250000000003,16,"z_0,z_1,z_2,z_3,z_4,z_5,z_6,z_7,z_8,z_9,z_10,z_11,z_12,z_13,z_14,z_15",29.26,36.92,32.510625000000005,2.5304037937402404,29.26,29.26,29.97,30.1,30.24,30.77,31.05,31.75,32.54,32.99,33.21,34.69,35.18,35.95,36.29,36.92
353,151.0,183.0,16,"z_0,z_1,z_2,z_3,z_4,z_5,z_6,z_7,z_8,z_9,z_10,z_11,z_12,z_13,z_14,z_15",29.08,36.92,32.35125,2.5682967970038044,29.08,29.54,29.54,29.54,30.03,30.61,31.13,31.29,32.04,32.94,33.71,34.49,34.97,35.46,36.33,36.92
441,133.0,182.31250000000003,16,"z_0,z_1,z_2,z_3,z_4,z_5,z_6,z_7,z_8,z_9,z_10,z_11,z_12,z_13,z_14,z_15",29.55,36.92,32.80875,2.564012663287761,29.55,29.6,30.33,30.39,30.39,31.12,31.38,31.8,32.34,33.36,33.85,35.03,35.68,36.4,36.8,36.92
469,40.0,118.87499999999999,8,"z_0,z_1,z_2,z_9,z_10,z_11,z_12,z_13",34.92,36.92,36.4825,0.6784126693982063,35.96,36.92,36.92,,,,,,,34.92,36.92,36.92,36.92,36.38,,
889,422.25,331.25,4,"z_10,z_11,z_12,z_14",34.92,36.92,35.59,0.8165169930871004,,,,,,,,,,,34.92,35.6,36.92,,34.92,
466,122.0,140.0,6,"z_0,z_1,z_2,z_3,z_4,z_5",35.42,36.9,36.214999999999996,0.5119163343099459,36.44,35.65,35.42,36.9,36.44,36.44,,,,,,,,,,
208,485.0,74.0,16,"z_0,z_1,z_2,z_3,z_4,z_5,z_6,z_7,z_8,z_9,z_10,z_11,z_12,z_13,z_14,z_15",29.87,36.86,33.034375,2.3834532949850304,29.87,30.11,30.76,30.76,30.76,30.76,31.97,32.45,32.94,33.37,34.73,34.77,35.87,35.87,36.86,36.7
286,80.0625,137.50000000000003,16,"z_0,z_1,z_2,z_3,z_4,z_5,z_6,z_7,z_8,z_9,z_10,z_11,z_12,z_13,z_14,z_15",29.45,36.73,32.416250000000005,2.4854775069390587,29.55,29.55,29.45,29.57,30.24,30.33,31.56,31.67,32.61,32.9,33.59,34.04,34.82,35.57,36.48,36.73
437,260.0,95.625,16,"z_0,z_1,z_2,z_3,z_4,z_5,z_6,z_7,z_8,z_9,z_10,z_11,z_12,z_13,z_14,z_15",28.63,36.71,31.824375000000003,2.5194492670770336,29.13,28.63,29.38,29.38,29.44,29.55,30.28,31.34,31.63,32.34,32.82,33.58,34.67,34.89,35.42,36.71
38,401.8125,423.0,16,"z_0,z_1,z_2,z_3,z_4,z_5,z_6,z_7,z_8,z_9,z_10,z_11,z_12,z_13,z_14,z_15",29.55,36.67,32.894375,2.545542596260177,29.55,29.83,29.83,29.83,30.79,31.38,31.92,32.15,32.34,33.73,34.67,34.93,35.91,36.34,36.44,36.67
17,363.9375,449.625,16,"z_0,z_1,z_2,z_3,z_4,z_5,z_6,z_7,z_8,z_9,z_10,z_11,z_12,z_13,z_14,z_15",29.74,36.66,32.535,2.4356056741599206,29.74,30.05,30.05,30.22,30.22,30.24,31.0,31.15,32.54,33.14,33.84,34.56,34.93,36.18,36.04,36.66
891,176.0,262.0,6,"z_10,z_11,z_12,z_13,z_14,z_15",34.28,36.63,35.083333333333336,0.793739391880121,,,,,,,,,,,34.62,35.56,36.63,34.62,34.28,34.79
179,408.1875,221.0,16,"z_0,z_1,z_2,z_3,z_4,z_5,z_6,z_7,z_8,z_9,z_10,z_11,z_12,z_13,z_14,z_15",28.63,36.59,31.98375,2.7029286778418697,28.92,28.63,29.03,29.14,29.44,30.11,30.41,31.25,31.92,32.4,33.19,34.01,34.76,35.91,36.03,36.59
15,434.5625,395.0,16,"z_0,z_1,z_2,z_3,z_4,z_5,z_6,z_7,z_8,z_9,z_10,z_11,z_12,z_13,z_14,z_15",28.4,36.5,31.914375000000003,2.694239152223685,28.4,28.51,29.07,29.18,29.55,29.83,30.37,31.28,32.13,32.61,32.99,34.02,34.93,35.46,35.8,36.5
476,184.0,295.625,16,"z_0,z_1,z_2,z_3,z_4,z_5,z_6,z_7,z_8,z_9,z_10,z_11,z_12,z_13,z_14,z_15",25.73,36.49,29.956875,3.65481996606878,26.07,25.73,26.24,26.4,26.61,27.28,27.78,28.98,29.18,29.45,36.44,36.49,34.69,32.41,32.4,33.16
197,481.0,125.0,1,z_0,36.44,36.44,36.44,0.0,36.44,,,,,,,,,,,,,,,
491,17.25,293.31250000000006,16,"z_0,z_1,z_2,z_3,z_4,z_5,z_6,z_7,z_8,z_9,z_10,z_11,z_12,z_13,z_14,z_15",27.95,36.42,32.19875,2.7367016529939834,28.69,27.95,28.69,29.46,30.05,30.33,30.33,32.05,32.75,33.98,34.39,34.92,34.92,35.12,35.13,36.42
176,376.5625,158.0,16,"z_0,z_1,z_2,z_3,z_4,z_5,z_6,z_7,z_8,z_9,z_10,z_11,z_12,z_13,z_14,z_15",28.61,36.38,31.771874999999998,2.5641061277519315,28.61,28.95,28.96,28.94,29.36,29.83,30.5,31.34,31.45,32.34,33.14,33.59,33.86,35.26,35.84,36.38
29,332.0,425.0625,16,"z_0,z_1,z_2,z_3,z_4,z_5,z_6,z_7,z_8,z_9,z_10,z_11,z_12,z_13,z_14,z_15",29.46,36.34,32.57125,2.429562396296914,29.46,29.47,29.78,30.13,30.24,31.0,31.05,31.95,32.6,33.34,34.03,34.79,35.15,35.72,36.09,36.34
315,39.0,42.625,16,"z_0,z_1,z_2,z_3,z_4,z_5,z_6,z_7,z_8,z_9,z_10,z_11,z_12,z_13,z_14,z_15",29.3,36.33,31.821875,2.3088585349421034,29.56,29.3,29.36,29.35,29.87,30.03,30.35,30.85,31.48,32.1,32.61,33.36,34.68,34.69,35.23,36.33
108,83.0,341.12500000000006,16,"z_0,z_1,z_2,z_3,z_4,z_5,z_6,z_7,z_8,z_9,z_10,z_11,z_12,z_13,z_14,z_15",29.01,36.2,32.32125,2.5898356004773744,29.09,29.01,29.17,29.81,30.05,30.13,31.01,31.75,32.43,32.99,33.78,34.59,35.2,35.81,36.12,36.2
89,46.125,353.0,16,"z_0,z_1,z_2,z_3,z_4,z_5,z_6,z_7,z_8,z_9,z_10,z_11,z_12,z_13,z_14,z_15",28.98,36.12,32.306875,2.5249250452983736,28.98,29.17,29.09,29.17,30.05,30.35,31.42,32.01,32.61,33.54,34.26,34.26,34.68,35.54,35.66,36.12
957,438.0,492.0,4,"z_3,z_4,z_5,z_7",35.73,36.12,35.925,0.19500000000000028,,,,36.12,35.73,35.73,,36.12,,,,,,,,
424,279.0,31.25,16,"z_0,z_1,z_2,z_3,z_4,z_5,z_6,z_7,z_8,z_9,z_10,z_11,z_12,z_13,z_14,z_15",30.1,36.1,32.731874999999995,2.1747304969524395,30.33,30.33,30.33,30.1,30.33,31.36,31.56,32.11,32.53,33.37,33.77,34.5,35.43,35.49,36.07,36.1
299,158.0,282.4375,16,"z_0,z_1,z_2,z_3,z_4,z_5,z_6,z_7,z_8,z_9,z_10,z_11,z_12,z_13,z_14,z_15",29.25,36.09,32.30625,2.51295860242464,29.25,29.26,29.38,29.45,29.83,29.83,31.36,31.8,32.4,33.66,34.27,34.42,34.91,34.91,36.08,36.09
298,288.87499999999994,186.0,16,"z_0,z_1,z_2,z_3,z_4,z_5,z_6,z_7,z_8,z_9,z_10,z_11,z_12,z_13,z_14,z_15",28.62,36.04,31.432499999999997,2.4125077720082064,28.69,28.69,28.62,29.09,29.18,29.18,29.83,31.02,31.71,32.4,32.13,33.39,33.95,34.3,34.7,36.04
63,410.0,439.0,16,"z_0,z_1,z_2,z_3,z_4,z_5,z_6,z_7,z_8,z_9,z_10,z_11,z_12,z_13,z_14,z_15",28.58,35.99,32.054375,2.5921756517209635,28.94,28.58,28.94,29.27,29.98,30.23,30.85,31.5,31.95,32.57,32.94,34.79,34.97,35.67,35.7,35.99
356,118.06249999999999,151.25000000000003,16,"z_0,z_1,z_2,z_3,z_4,z_5,z_6,z_7,z_8,z_9,z_10,z_11,z_12,z_13,z_14,z_15",27.95,35.99,30.977500000000003,2.5817181778807696,28.14,28.4,28.26,27.95,28.69,28.8,29.52,30.13,30.85,31.36,31.98,32.72,33.77,34.35,34.73,35.99
899,460.25,436.25,4,"z_9,z_10,z_11,z_12",27.99,35.84,32.305,2.8732255393546833,,,,,,,,,,33.59,27.99,35.84,31.8,,,
305,58.4375,61.0,16,"z_0,z_1,z_2,z_3,z_4,z_5,z_6,z_7,z_8,z_9,z_10,z_11,z_12,z_13,z_14,z_15",27.95,35.83,30.865624999999998,2.570911727262334,27.95,27.95,27.95,28.35,28.67,29.17,29.45,29.83,30.39,31.48,31.55,32.61,33.61,34.49,34.57,35.83
297,35.875,25.3125,16,"z_0,z_1,z_2,z_3,z_4,z_5,z_6,z_7,z_8,z_9,z_10,z_11,z_12,z_13,z_14,z_15",27.95,35.75,31.258125,2.562948055340763,28.07,28.62,27.95,28.67,28.67,29.51,29.9,30.52,31.48,31.95,32.61,33.01,33.66,34.34,35.42,35.75
168,459.0625,80.0,16,"z_0,z_1,z_2,z_3,z_4,z_5,z_6,z_7,z_8,z_9,z_10,z_11,z_12,z_13,z_14,z_15",28.92,35.68,31.853125,2.322296058726147,28.92,29.27,29.03,29.15,29.44,30.36,31.02,31.48,31.98,32.34,33.01,33.35,34.28,34.68,35.68,35.66
151,328.0,183.9375,16,"z_0,z_1,z_2,z_3,z_4,z_5,z_6,z_7,z_8,z_9,z_10,z_11,z_12,z_13,z_14,z_15",28.31,35.66,31.323749999999997,2.3109166877020906,28.31,28.76,29.14,28.9,29.14,30.07,30.39,30.69,31.11,31.34,31.94,32.4,33.35,34.71,35.27,35.66
196,317.0,193.6875,16,"z_0,z_1,z_2,z_3,z_4,z_5,z_6,z_7,z_8,z_9,z_10,z_11,z_12,z_13,z_14,z_15",29.36,35.66,32.31625,1.7232849263833296,30.33,29.36,30.11,31.16,31.29,31.99,31.88,31.89,32.36,32.4,32.41,33.34,35.66,35.66,34.01,33.21
322,13.375,125.5,16,"z_0,z_1,z_2,z_3,z_4,z_5,z_6,z_7,z_8,z_9,z_10,z_11,z_12,z_13,z_14,z_15",28.43,35.66,31.409999999999997,2.392932301591501,28.43,28.53,29.08,29.13,29.13,30.01,29.98,30.24,31.01,32.1,32.54,33.19,33.59,34.98,34.96,35.66
145,378.0,43.43749999999999,16,"z_0,z_1,z_2,z_3,z_4,z_5,z_6,z_7,z_8,z_9,z_10,z_11,z_12,z_13,z_14,z_15",28.36,35.63,31.149375,2.3872171789292653,28.51,28.36,28.4,28.67,28.96,29.27,29.49,30.44,31.17,31.9,32.44,32.94,34.1,34.2,33.91,35.63
7,361.87499999999994,331.0625,16,"z_0,z_1,z_2,z_3,z_4,z_5,z_6,z_7,z_8,z_9,z_10,z_11,z_12,z_13,z_14,z_15",26.68,35.6,29.939999999999998,2.6146486379626617,26.68,27.28,27.28,27.95,27.66,27.66,28.51,28.88,29.27,30.19,31.37,31.58,32.34,33.11,33.68,35.6
458,65.60000000000001,132.30000000000004,10,"z_0,z_1,z_2,z_8,z_9,z_10,z_11,z_12,z_13,z_15",29.08,35.6,31.308,2.4678038819971095,34.92,34.5,35.6,,,,,,29.08,29.08,30.15,30.15,30.15,29.35,,30.1
351,205.0,184.375,16,"z_0,z_1,z_2,z_3,z_4,z_5,z_6,z_7,z_8,z_9,z_10,z_11,z_12,z_13,z_14,z_15",28.12,35.55,31.39625,2.631574801805944,28.12,28.12,28.42,28.54,28.94,29.49,29.83,30.58,31.9,32.15,32.94,33.73,33.73,35.15,35.15,35.55
210,473.37500000000006,309.1875,16,"z_0,z_1,z_2,z_3,z_4,z_5,z_6,z_7,z_8,z_9,z_10,z_11,z_12,z_13,z_14,z_15",26.75,35.52,30.143125000000005,2.7256277229979524,26.75,27.2,27.27,27.28,27.5,27.95,28.69,29.28,30.05,31.0,31.37,32.21,33.04,33.59,33.59,35.52
358,16.125,266.0,16,"z_0,z_1,z_2,z_3,z_4,z_5,z_6,z_7,z_8,z_9,z_10,z_11,z_12,z_13,z_14,z_15",28.09,35.51,31.18125,2.486875235611952,28.34,28.09,28.09,28.4,28.51,29.15,30.02,30.76,31.54,32.34,32.78,33.66,33.77,33.77,34.17,35.51
185,486.0,137.33333333333334,3,"z_0,z_1,z_2",34.17,35.49,34.61,0.622253967444162,35.49,34.17,34.17,,,,,,,,,,,,,
150,464.0,15.0625,16,"z_0,z_1,z_2,z_3,z_4,z_5,z_6,z_7,z_8,z_9,z_10,z_11,z_12,z_13,z_14,z_15",27.65,35.42,30.558749999999996,2.524551630983213,27.65,27.72,27.76,28.05,28.43,28.58,29.24,29.61,30.26,31.02,31.68,32.36,32.78,33.69,34.69,35.42
9,451.37500000000006,392.25,16,"z_0,z_1,z_2,z_3,z_4,z_5,z_6,z_7,z_8,z_9,z_10,z_11,z_12,z_13,z_14,z_15",27.5,35.15,30.988125000000004,2.4060502352143436,27.95,27.5,27.95,28.62,28.69,29.0,30.05,30.85,31.63,32.21,32.21,33.04,33.59,33.76,33.61,35.15
403,244.93749999999997,51.0,16,"z_0,z_1,z_2,z_3,z_4,z_5,z_6,z_7,z_8,z_9,z_10,z_11,z_12,z_13,z_14,z_15",28.94,35.1,31.62125,2.308795343355491,28.94,28.94,28.94,29.08,29.36,29.41,30.5,30.96,31.75,32.63,32.99,33.59,34.1,34.76,34.89,35.1
157,391.37500000000006,186.125,16,"z_0,z_1,z_2,z_3,z_4,z_5,z_6,z_7,z_8,z_9,z_10,z_11,z_12,z_13,z_14,z_15",28.34,35.06,31.081875,2.3722568862530466,28.54,28.34,28.34,28.47,29.06,29.13,29.64,30.11,31.02,31.58,32.61,33.01,33.48,34.24,34.68,35.06
329,315.25,271.0,16,"z_0,z_1,z_2,z_3,z_4,z_5,z_6,z_7,z_8,z_9,z_10,z_11,z_12,z_13,z_14,z_15",28.09,34.98,31.124374999999997,2.4150154470261675,28.09,28.09,28.34,28.98,29.13,29.38,29.25,30.46,31.32,31.57,32.69,32.82,33.58,34.35,34.96,34.98
6,479.125,461.9375,16,"z_0,z_1,z_2,z_3,z_4,z_5,z_6,z_7,z_8,z_9,z_10,z_11,z_12,z_13,z_14,z_15",28.4,34.93,31.1475,2.2596943930540694,28.4,28.49,28.49,28.73,29.12,29.45,30.18,30.33,31.01,32.12,32.48,32.2,33.91,33.8,34.93,34.72
162,429.0,172.18750000000003,16,"z_0,z_1,z_2,z_3,z_4,z_5,z_6,z_7,z_8,z_9,z_10,z_11,z_12,z_13,z_14,z_15",27.41,34.93,30.5075,2.328055787561802,27.41,27.5,27.5,28.71,28.94,28.58,29.08,30.35,30.61,31.12,31.67,31.88,32.65,32.99,34.2,34.93
152,474.0,134.37499999999997,16,"z_0,z_1,z_2,z_3,z_4,z_5,z_6,z_7,z_8,z_9,z_10,z_11,z_12,z_13,z_14,z_15",28.98,34.92,31.871875000000003,2.0559797504778596,29.13,28.98,28.98,29.83,29.49,31.16,31.75,31.98,31.98,32.02,32.82,33.71,34.02,34.49,34.69,34.92
473,442.0,406.8571428571429,7,"z_0,z_1,z_10,z_11,z_12,z_13,z_14",25.77,34.92,28.358571428571427,3.608693584630746,32.94,34.92,,,,,,,,,25.77,25.86,25.77,25.77,27.48,
948,395.0,467.0,1,z_15,34.92,34.92,34.92,0.0,,,,,,,,,,,,,,,,34.92
316,84.0,23.562499999999996,16,"z_0,z_1,z_2,z_3,z_4,z_5,z_6,z_7,z_8,z_9,z_10,z_11,z_12,z_13,z_14,z_15",28.39,34.9,30.82375,2.1638474848057108,28.56,28.4,28.39,28.51,28.49,29.47,29.83,30.05,30.99,31.08,31.75,31.75,32.99,33.59,34.43,34.9
161,364.0,33.0,16,"z_0,z_1,z_2,z_3,z_4,z_5,z_6,z_7,z_8,z_9,z_10,z_11,z_12,z_13,z_14,z_15",27.5,34.79,30.688125,2.369813333234287,27.95,27.5,27.95,28.33,28.49,28.92,29.03,30.26,31.13,31.3,32.03,32.7,32.94,33.84,33.85,34.79
158,337.3125,49.0,16,"z_0,z_1,z_2,z_3,z_4,z_5,z_6,z_7,z_8,z_9,z_10,z_11,z_12,z_13,z_14,z_15",26.94,34.74,29.610625,2.695780194929661,27.05,27.23,26.94,26.96,27.18,27.18,27.66,28.51,29.17,29.97,30.24,31.05,32.18,33.04,34.67,34.74
16,420.1875,353.31250000000006,16,"z_0,z_1,z_2,z_3,z_4,z_5,z_6,z_7,z_8,z_9,z_10,z_11,z_12,z_13,z_14,z_15",26.81,34.73,29.903750000000002,2.5032251072366623,26.81,27.09,27.44,27.5,27.5,27.95,28.69,28.98,29.38,30.13,31.3,31.83,32.82,32.96,33.35,34.73
332,303.0,87.0,16,"z_0,z_1,z_2,z_3,z_4,z_5,z_6,z_7,z_8,z_9,z_10,z_11,z_12,z_13,z_14,z_15",26.96,34.68,29.951875,2.6562549264660196,26.96,26.96,27.18,26.96,27.53,27.8,28.63,29.3,29.61,30.76,30.76,31.57,32.62,33.71,34.2,34.68
195,462.8125,110.125,16,"z_0,z_1,z_2,z_3,z_4,z_5,z_6,z_7,z_8,z_9,z_10,z_11,z_12,z_13,z_14,z_15",30.91,34.67,32.58125,1.0650755548316748,31.29,31.8,30.91,32.12,32.12,31.57,31.84,31.84,32.12,33.48,33.48,33.08,34.17,34.67,33.73,33.08
872,495.3076923076923,488.53846153846155,13,"z_1,z_3,z_4,z_5,z_6,z_7,z_8,z_9,z_10,z_12,z_13,z_14,z_15",33.01,34.63,33.879230769230766,0.50592583126933,,33.4,,33.59,33.59,33.59,33.59,33.59,33.91,33.91,34.36,,33.01,34.63,34.63,34.63
64,337.0,409.0,16,"z_0,z_1,z_2,z_3,z_4,z_5,z_6,z_7,z_8,z_9,z_10,z_11,z_12,z_13,z_14,z_15",27.53,34.57,30.14,2.347661070086566,27.53,27.53,27.8,27.8,27.54,28.42,28.63,29.52,30.11,30.37,31.29,31.75,32.52,33.03,33.83,34.57
19,248.06250000000003,491.4375,16,"z_0,z_1,z_2,z_3,z_4,z_5,z_6,z_7,z_8,z_9,z_10,z_11,z_12,z_13,z_14,z_15",27.5,34.51,30.603125000000002,2.313846145355175,27.5,27.95,28.47,28.47,28.47,28.62,29.17,29.45,30.69,31.05,31.95,33.05,32.86,33.38,34.06,34.51
12,414.0,321.0,16,"z_0,z_1,z_2,z_3,z_4,z_5,z_6,z_7,z_8,z_9,z_10,z_11,z_12,z_13,z_14,z_15",26.44,34.49,29.595625,2.421399308122268,26.96,26.44,27.06,27.23,27.52,27.8,28.39,28.63,29.61,30.26,30.33,30.81,32.26,32.8,32.94,34.49
423,240.68750000000003,104.0,16,"z_0,z_1,z_2,z_3,z_4,z_5,z_6,z_7,z_8,z_9,z_10,z_11,z_12,z_13,z_14,z_15",28.34,34.43,30.81125,2.1389158322617567,28.58,28.34,28.34,28.58,28.94,29.27,29.6,29.83,30.69,31.15,31.37,32.65,33.59,33.59,34.03,34.43
1,329.0,394.0,16,"z_0,z_1,z_2,z_3,z_4,z_5,z_6,z_7,z_8,z_9,z_10,z_11,z_12,z_13,z_14,z_15",27.44,34.33,29.99125,2.250818948183082,27.44,27.61,28.03,27.76,28.09,28.26,28.43,28.63,29.48,30.52,31.01,31.71,32.05,32.9,33.61,34.33
134,292.0,409.0,16,"z_0,z_1,z_2,z_3,z_4,z_5,z_6,z_7,z_8,z_9,z_10,z_11,z_12,z_13,z_14,z_15",27.8,34.24,30.468125,2.240257292003532,28.05,28.05,28.11,27.8,28.63,28.63,29.04,29.78,30.28,30.77,31.58,32.26,32.4,33.73,34.14,34.24
457,286.0,290.0,16,"z_0,z_1,z_2,z_3,z_4,z_5,z_6,z_7,z_8,z_9,z_10,z_11,z_12,z_13,z_14,z_15",27.76,34.24,30.205625000000005,2.0491948685703365,27.76,28.04,28.34,28.07,28.09,28.47,29.27,29.27,30.37,30.96,31.25,31.25,31.9,32.1,33.91,34.24
285,290.43750000000006,99.0,16,"z_0,z_1,z_2,z_3,z_4,z_5,z_6,z_7,z_8,z_9,z_10,z_11,z_12,z_13,z_14,z_15",26.68,34.2,29.2875,2.3278302665787303,26.68,26.68,26.88,27.04,27.21,27.29,28.09,28.47,29.08,29.83,29.83,31.11,31.58,32.02,32.61,34.2
490,46.0,194.18750000000003,16,"z_0,z_1,z_2,z_3,z_4,z_5,z_6,z_7,z_8,z_9,z_10,z_11,z_12,z_13,z_14,z_15",26.44,34.2,29.70375,2.26291812434741,26.44,27.17,27.17,27.44,27.64,28.04,28.63,29.08,29.86,30.37,31.01,31.81,31.88,32.02,32.5,34.2
346,63.0,203.0,16,"z_0,z_1,z_2,z_3,z_4,z_5,z_6,z_7,z_8,z_9,z_10,z_11,z_12,z_13,z_14,z_15",27.5,34.19,30.301875000000003,2.2475298072272594,27.5,27.5,27.99,28.09,28.09,28.4,28.92,29.44,30.33,31.48,31.92,32.17,32.56,32.94,33.31,34.19
57,481.0625,343.0,16,"z_0,z_1,z_2,z_3,z_4,z_5,z_6,z_7,z_8,z_9,z_10,z_11,z_12,z_13,z_14,z_15",27.59,34.17,30.25625,2.1864894094186687,27.59,27.76,28.03,28.04,28.07,28.63,29.18,29.38,29.83,31.28,31.53,31.48,32.26,33.29,33.58,34.17
342,90.5,120.5,16,"z_0,z_1,z_2,z_3,z_4,z_5,z_6,z_7,z_8,z_9,z_10,z_11,z_12,z_13,z_14,z_15",27.21,34.17,29.640625,2.3689118513306906,27.23,27.23,27.21,27.28,27.66,27.66,27.95,27.95,29.83,30.24,30.33,31.37,32.21,32.82,33.11,34.17
2,352.0,437.375,16,"z_0,z_1,z_2,z_3,z_4,z_5,z_6,z_7,z_8,z_9,z_10,z_11,z_12,z_13,z_14,z_15",26.36,34.12,29.146250000000002,2.4922050352047678,26.68,26.36,26.37,26.37,27.18,28.04,27.5,28.14,28.74,29.26,29.81,30.5,31.75,31.98,33.54,34.12
207,344.9375,121.0625,16,"z_0,z_1,z_2,z_3,z_4,z_5,z_6,z_7,z_8,z_9,z_10,z_11,z_12,z_13,z_14,z_15",27.5,34.1,30.346875,2.340474628013515,27.95,27.66,27.5,27.92,28.34,28.34,28.94,29.27,29.83,31.58,31.8,32.34,32.94,32.94,34.1,34.1
3,468.4375,332.9375,16,"z_0,z_1,z_2,z_3,z_4,z_5,z_6,z_7,z_8,z_9,z_10,z_11,z_12,z_13,z_14,z_15",26.72,34.02,28.9875,2.2831324425008734,26.72,26.72,26.84,26.72,26.88,27.38,27.41,27.95,27.95,29.64,30.24,30.24,31.03,31.78,32.28,34.02
35,453.0,409.0,16,"z_0,z_1,z_2,z_3,z_4,z_5,z_6,z_7,z_8,z_9,z_10,z_11,z_12,z_13,z_14,z_15",26.1,34.02,28.891875000000002,2.5912502261215535,26.1,26.1,26.1,26.12,26.25,26.78,27.26,28.12,28.58,29.57,30.76,31.02,31.12,31.92,32.45,34.02
337,119.16666666666667,220.0,12,"z_0,z_1,z_2,z_3,z_4,z_5,z_6,z_7,z_8,z_9,z_10,z_15",26.88,33.97,28.75666666666667,2.051492681493702,26.88,26.96,26.96,27.44,27.44,27.52,28.47,28.47,29.74,30.22,31.01,,,,,33.97
201,353.43750000000006,135.125,16,"z_0,z_1,z_2,z_3,z_4,z_5,z_6,z_7,z_8,z_9,z_10,z_11,z_12,z_13,z_14,z_15",26.68,33.93,29.788125,2.3197392599977693,27.27,27.38,27.28,26.68,27.41,28.09,28.56,28.98,30.97,30.77,30.81,31.02,31.36,32.19,33.91,33.93
944,20.0,194.0,1,z_14,33.93,33.93,33.93,0.0,,,,,,,,,,,,,,,33.93,
347,31.0,186.81249999999997,16,"z_0,z_1,z_2,z_3,z_4,z_5,z_6,z_7,z_8,z_9,z_10,z_11,z_12,z_13,z_14,z_15",26.34,33.92,29.0775,2.5229434694419925,26.72,26.34,26.34,26.44,26.94,26.44,27.85,28.47,28.58,29.44,30.28,30.45,31.58,32.05,33.4,33.92
464,139.5833333333333,58.0,12,"z_0,z_1,z_2,z_3,z_4,z_9,z_10,z_11,z_12,z_13,z_14,z_15",30.33,33.91,32.35,0.9147677300823411,33.91,32.94,32.94,32.94,32.94,,,,,30.33,32.34,30.97,32.34,32.34,32.34,31.87
319,63.0,121.5,16,"z_0,z_1,z_2,z_3,z_4,z_5,z_6,z_7,z_8,z_9,z_10,z_11,z_12,z_13,z_14,z_15",26.72,33.86,29.419375,2.4059080114116993,26.72,26.78,27.1,26.98,27.11,27.41,27.5,28.8,29.26,30.1,30.33,31.33,31.75,32.65,33.03,33.86
141,163.06250000000003,444.4375,16,"z_0,z_1,z_2,z_3,z_4,z_5,z_6,z_7,z_8,z_9,z_10,z_11,z_12,z_13,z_14,z_15",27.01,33.85,30.286875000000002,2.2897863403328707,27.01,27.01,27.95,28.14,28.09,28.71,28.94,29.83,30.44,31.36,32.05,32.13,32.81,32.99,33.28,33.85
170,393.18750000000006,103.68749999999999,16,"z_0,z_1,z_2,z_3,z_4,z_5,z_6,z_7,z_8,z_9,z_10,z_11,z_12,z_13,z_14,z_15",26.72,33.72,29.39,2.2419717884041264,26.72,26.72,26.88,27.17,27.59,27.73,28.11,28.94,29.49,29.97,30.33,30.33,31.01,32.12,33.41,33.72
112,262.0,382.0,16,"z_0,z_1,z_2,z_3,z_4,z_5,z_6,z_7,z_8,z_9,z_10,z_11,z_12,z_13,z_14,z_15",27.06,33.69,30.029375,2.4024400844505984,27.23,27.06,27.33,27.57,27.52,27.94,28.63,29.37,30.32,30.93,31.36,32.36,32.69,32.94,33.53,33.69
304,262.0,25.0,16,"z_0,z_1,z_2,z_3,z_4,z_5,z_6,z_7,z_8,z_9,z_10,z_11,z_12,z_13,z_14,z_15",27.11,33.65,29.803124999999998,2.206149696728443,27.11,27.26,27.29,27.18,28.16,27.83,28.56,29.11,30.92,30.37,30.5,31.37,31.75,32.65,33.14,33.65
13,408.0,456.0,16,"z_0,z_1,z_2,z_3,z_4,z_5,z_6,z_7,z_8,z_9,z_10,z_11,z_12,z_13,z_14,z_15",27.57,33.61,30.06125,2.0404438089543167,27.57,27.8,27.8,27.8,27.8,28.39,29.02,29.86,30.04,30.76,31.36,31.51,31.98,32.69,32.99,33.61
194,449.0,199.0,9,"z_0,z_1,z_2,z_8,z_9,z_10,z_11,z_12,z_13",30.01,33.61,31.282222222222224,1.4472332053326051,32.68,33.59,33.61,,,,,,30.33,30.33,30.33,30.33,30.33,30.01,,
206,440.37500000000006,43.25,16,"z_0,z_1,z_2,z_3,z_4,z_5,z_6,z_7,z_8,z_9,z_10,z_11,z_12,z_13,z_14,z_15",27.1,33.59,29.358125,1.932819245137786,27.1,27.61,27.44,27.44,27.44,28.04,27.95,28.49,29.18,30.26,29.83,30.66,30.85,31.8,32.05,33.59
349,256.4375,289.5,16,"z_0,z_1,z_2,z_3,z_4,z_5,z_6,z_7,z_8,z_9,z_10,z_11,z_12,z_13,z_14,z_15",27.41,33.59,29.771875,2.010840056885431,27.41,27.41,27.95,27.41,27.95,27.95,28.69,29.46,29.8,30.18,30.33,31.37,32.1,32.1,32.65,33.59
66,416.0625,413.9375,16,"z_0,z_1,z_2,z_3,z_4,z_5,z_6,z_7,z_8,z_9,z_10,z_11,z_12,z_13,z_14,z_15",26.88,33.41,29.811875,2.1341163825749985,26.88,27.41,27.95,27.66,27.95,27.95,27.95,29.47,30.17,30.17,31.01,31.34,32.12,32.65,32.9,33.41
31,363.0,466.43750000000006,16,"z_0,z_1,z_2,z_3,z_4,z_5,z_6,z_7,z_8,z_9,z_10,z_11,z_12,z_13,z_14,z_15",26.79,33.35,29.2675,2.047945616953732,26.79,26.79,27.08,27.09,27.09,28.03,28.34,28.94,28.94,29.56,30.35,31.25,31.29,31.36,32.03,33.35
481,135.68749999999997,217.81249999999997,16,"z_0,z_1,z_2,z_3,z_4,z_5,z_6,z_7,z_8,z_9,z_10,z_11,z_12,z_13,z_14,z_15",26.95,33.35,29.18375,2.05237019991521,27.17,27.18,26.95,27.23,27.23,27.56,27.66,27.95,29.04,30.05,30.1,30.33,31.01,32.08,32.05,33.35
336,315.0,288.0,16,"z_0,z_1,z_2,z_3,z_4,z_5,z_6,z_7,z_8,z_9,z_10,z_11,z_12,z_13,z_14,z_15",27.3,33.33,29.813125,2.1794802096772985,27.3,27.43,27.43,27.48,27.8,27.8,28.49,28.63,29.85,31.19,31.58,31.36,32.03,32.03,33.28,33.33
132,141.0,489.8125,16,"z_0,z_1,z_2,z_3,z_4,z_5,z_6,z_7,z_8,z_9,z_10,z_11,z_12,z_13,z_14,z_15",26.44,33.21,29.32875,2.2662520683939813,26.44,26.96,26.96,27.01,27.23,27.38,28.09,28.47,29.04,30.07,30.33,31.56,31.63,31.98,32.9,33.21
819,122.06249999999999,480.75000000000006,16,"z_0,z_1,z_2,z_3,z_4,z_5,z_6,z_7,z_8,z_9,z_10,z_11,z_12,z_13,z_14,z_15",26.86,33.21,29.635624999999997,2.078530035716348,26.86,27.09,27.21,27.83,28.0,28.34,28.34,28.58,29.26,30.5,31.05,31.56,31.56,31.94,32.84,33.21
148,372.0,141.0,16,"z_0,z_1,z_2,z_3,z_4,z_5,z_6,z_7,z_8,z_9,z_10,z_11,z_12,z_13,z_14,z_15",26.44,33.2,29.182499999999997,2.3363259083441252,26.44,26.54,26.78,26.78,26.86,27.23,27.76,28.4,28.86,29.83,30.93,30.93,31.68,31.92,32.78,33.2
209,485.0,207.125,16,"z_0,z_1,z_2,z_3,z_4,z_5,z_6,z_7,z_8,z_9,z_10,z_11,z_12,z_13,z_14,z_15",25.99,33.16,28.68125,2.3650578084901004,26.28,26.44,25.99,26.1,26.44,26.44,27.18,27.5,28.92,29.18,30.05,30.44,31.13,31.75,31.9,33.16
625,385.0,478.0,10,"z_0,z_1,z_2,z_4,z_10,z_11,z_12,z_13,z_14,z_15",27.48,33.16,30.093,2.1543586052465815,27.8,27.8,27.88,,27.48,,,,,,29.54,31.05,31.29,31.81,33.12,33.16
467,218.0,25.625,16,"z_0,z_1,z_2,z_3,z_4,z_5,z_6,z_7,z_8,z_9,z_10,z_11,z_12,z_13,z_14,z_15",25.82,33.07,28.70125,2.2588987222759678,25.82,25.82,26.52,26.72,26.43,26.96,27.61,28.09,28.74,28.94,29.81,30.39,30.79,31.33,32.18,33.07
324,30.625,132.0,16,"z_0,z_1,z_2,z_3,z_4,z_5,z_6,z_7,z_8,z_9,z_10,z_11,z_12,z_13,z_14,z_15",25.77,33.03,28.441875000000003,2.497419214784534,25.77,25.77,26.1,26.1,26.1,26.1,26.79,27.5,28.09,28.8,29.27,30.33,31.05,31.73,32.54,33.03
350,137.75,113.25,16,"z_0,z_1,z_2,z_3,z_4,z_5,z_6,z_7,z_8,z_9,z_10,z_11,z_12,z_13,z_14,z_15",26.68,33.01,29.0775,2.2574169419936583,26.68,26.68,26.68,26.68,27.13,27.33,27.66,27.95,28.98,29.26,30.1,30.65,31.37,32.26,32.82,33.01
460,176.0,50.5625,16,"z_0,z_1,z_2,z_3,z_4,z_5,z_6,z_7,z_8,z_9,z_10,z_11,z_12,z_13,z_14,z_15",25.69,33.01,28.485000000000003,2.475022727168379,31.89,33.01,32.13,31.01,29.41,30.65,28.35,28.35,27.8,26.74,26.35,25.69,25.69,25.69,25.69,27.31
483,118.0,196.50000000000003,16,"z_0,z_1,z_2,z_3,z_4,z_5,z_6,z_7,z_8,z_9,z_10,z_11,z_12,z_13,z_14,z_15",26.72,33.01,29.391875,2.298907943867044,26.72,26.84,26.84,26.84,27.26,27.26,27.95,28.71,29.27,30.05,31.25,31.8,31.86,31.86,32.75,33.01
334,26.0,223.50000000000003,16,"z_0,z_1,z_2,z_3,z_4,z_5,z_6,z_7,z_8,z_9,z_10,z_11,z_12,z_13,z_14,z_15",25.69,32.98,28.680000000000003,2.4997324856872183,25.77,25.69,25.69,26.12,26.68,26.68,26.68,27.95,28.69,29.68,30.1,31.3,31.3,31.67,31.9,32.98
355,249.0,34.3125,16,"z_0,z_1,z_2,z_3,z_4,z_5,z_6,z_7,z_8,z_9,z_10,z_11,z_12,z_13,z_14,z_15",26.17,32.98,28.814375,2.360116439791689,26.55,26.36,26.36,26.17,26.46,27.11,27.13,27.66,29.04,29.17,29.55,30.45,31.38,31.95,32.71,32.98
205,431.0,229.0,16,"z_0,z_1,z_2,z_3,z_4,z_5,z_6,z_7,z_8,z_9,z_10,z_11,z_12,z_13,z_14,z_15",26.72,32.97,29.418750000000003,2.279692619082669,26.72,27.17,27.24,27.26,26.89,27.31,28.05,28.58,29.26,29.6,30.79,31.16,31.9,32.83,32.97,32.97
417,309.9375,26.5625,16,"z_0,z_1,z_2,z_3,z_4,z_5,z_6,z_7,z_8,z_9,z_10,z_11,z_12,z_13,z_14,z_15",27.09,32.97,29.3875,2.138751095850099,27.09,27.11,27.23,27.26,27.29,27.56,27.66,28.75,29.18,29.83,30.39,31.17,31.78,31.97,32.97,32.96
58,429.6875,316.0,16,"z_0,z_1,z_2,z_3,z_4,z_5,z_6,z_7,z_8,z_9,z_10,z_11,z_12,z_13,z_14,z_15",26.27,32.94,28.683124999999997,2.180082334311023,26.27,26.36,26.44,26.44,26.64,27.09,27.17,27.87,28.56,28.94,29.83,30.33,30.36,31.67,32.02,32.94
142,223.0,324.8125,16,"z_0,z_1,z_2,z_3,z_4,z_5,z_6,z_7,z_8,z_9,z_10,z_11,z_12,z_13,z_14,z_15",26.15,32.94,28.973125,2.2660751276987705,26.15,26.24,26.25,26.78,26.72,27.23,27.23,28.98,28.98,30.06,30.85,30.33,31.32,31.56,31.95,32.94
177,354.0,232.0,16,"z_0,z_1,z_2,z_3,z_4,z_5,z_6,z_7,z_8,z_9,z_10,z_11,z_12,z_13,z_14,z_15",26.0,32.94,28.9175,2.4172155985761794,26.54,26.0,26.19,26.44,26.87,27.08,27.44,28.05,28.42,29.37,30.11,30.76,30.93,32.6,32.94,32.94
289,107.0,43.0,16,"z_0,z_1,z_2,z_3,z_4,z_5,z_6,z_7,z_8,z_9,z_10,z_11,z_12,z_13,z_14,z_15",27.11,32.94,29.345,2.0671961687270994,27.2,27.23,27.33,27.11,27.11,27.56,28.26,28.49,28.98,29.85,30.33,30.94,31.57,31.68,32.94,32.94
325,147.0,47.0,16,"z_0,z_1,z_2,z_3,z_4,z_5,z_6,z_7,z_8,z_9,z_10,z_11,z_12,z_13,z_14,z_15",26.88,32.94,29.320625,1.9475191550726785,27.11,27.11,27.21,26.88,27.36,27.76,28.53,28.9,29.14,29.87,30.76,30.79,31.15,31.73,31.89,32.94
331,209.74999999999997,122.0,16,"z_0,z_1,z_2,z_3,z_4,z_5,z_6,z_7,z_8,z_9,z_10,z_11,z_12,z_13,z_14,z_15",27.17,32.94,29.625,2.115768182008605,27.23,27.17,27.17,27.17,27.59,28.29,28.58,28.58,29.54,30.28,30.76,31.57,32.02,32.17,32.94,32.94
345,275.0,61.25,16,"z_0,z_1,z_2,z_3,z_4,z_5,z_6,z_7,z_8,z_9,z_10,z_11,z_12,z_13,z_14,z_15",25.58,32.94,27.97,2.464705864804155,25.6,25.6,25.58,25.7,25.7,26.1,26.1,26.44,27.76,28.39,28.63,29.83,30.26,30.35,32.54,32.94
339,56.0625,44.75,16,"z_0,z_1,z_2,z_3,z_4,z_5,z_6,z_7,z_8,z_9,z_10,z_11,z_12,z_13,z_14,z_15",25.65,32.81,28.128125,2.1134161290136406,26.44,26.24,26.44,25.65,25.69,26.18,26.36,27.38,28.07,28.62,28.98,29.76,30.05,30.33,31.05,32.81
465,178.53846153846152,78.07692307692308,13,"z_0,z_1,z_2,z_3,z_4,z_5,z_6,z_7,z_8,z_9,z_10,z_11,z_12",7.66,32.75,16.96769230769231,10.515553428390037,32.75,32.61,32.61,31.8,15.49,12.81,10.52,9.89,9.6,8.59,8.59,7.66,7.66,,,
300,255.0,111.875,16,"z_0,z_1,z_2,z_3,z_4,z_5,z_6,z_7,z_8,z_9,z_10,z_11,z_12,z_13,z_14,z_15",26.52,32.7,28.7475,2.109723026844994,26.52,26.72,26.72,26.53,26.72,27.18,27.3,27.45,28.34,29.55,29.38,30.37,30.98,31.37,32.13,32.7
354,117.0,179.0,16,"z_0,z_1,z_2,z_3,z_4,z_5,z_6,z_7,z_8,z_9,z_10,z_11,z_12,z_13,z_14,z_15",25.77,32.61,28.171875,2.1301473503903434,25.89,25.77,25.77,26.37,26.28,26.4,26.79,27.08,28.09,28.94,29.07,29.54,30.29,30.69,31.17,32.61
118,98.0,441.0,16,"z_0,z_1,z_2,z_3,z_4,z_5,z_6,z_7,z_8,z_9,z_10,z_11,z_12,z_13,z_14,z_15",25.17,32.58,29.004375000000003,2.284253074721582,26.72,25.17,26.81,26.72,27.16,27.3,27.44,28.39,29.14,29.61,30.76,30.76,31.16,31.78,32.58,32.57
18,77.0,323.62499999999994,16,"z_0,z_1,z_2,z_3,z_4,z_5,z_6,z_7,z_8,z_9,z_10,z_11,z_12,z_13,z_14,z_15",26.17,32.57,29.11,2.4111900588713446,26.17,26.34,26.34,26.44,26.44,26.96,27.59,28.94,29.46,29.83,31.25,31.35,31.9,31.92,32.26,32.57
192,497.06250000000006,124.375,16,"z_0,z_1,z_2,z_3,z_4,z_5,z_6,z_7,z_8,z_9,z_10,z_11,z_12,z_13,z_14,z_15",26.37,32.49,28.54875,1.8887855721335867,26.46,26.46,26.46,26.37,27.28,27.28,26.88,28.09,28.49,29.03,29.28,30.11,30.26,30.68,31.16,32.49
155,355.0,267.87499999999994,16,"z_0,z_1,z_2,z_3,z_4,z_5,z_6,z_7,z_8,z_9,z_10,z_11,z_12,z_13,z_14,z_15",25.77,32.48,28.49875,2.2748952585778532,25.77,26.1,26.1,26.1,26.12,26.44,27.18,28.07,28.49,29.13,29.55,30.05,31.25,31.48,31.67,32.48
27,346.0,366.0,16,"z_0,z_1,z_2,z_3,z_4,z_5,z_6,z_7,z_8,z_9,z_10,z_11,z_12,z_13,z_14,z_15",25.17,32.36,27.99,2.2928530262535363,25.47,26.07,26.24,25.17,25.17,25.93,26.72,27.16,27.8,28.37,29.3,29.61,30.2,30.76,31.51,32.36
123,167.18750000000003,460.0,16,"z_0,z_1,z_2,z_3,z_4,z_5,z_6,z_7,z_8,z_9,z_10,z_11,z_12,z_13,z_14,z_15",25.69,32.34,28.911250000000003,2.1606997564446573,26.86,25.69,26.34,26.44,27.17,27.18,27.66,28.14,29.15,29.95,30.1,31.0,31.34,31.42,31.8,32.34
486,56.0,87.0,16,"z_0,z_1,z_2,z_3,z_4,z_5,z_6,z_7,z_8,z_9,z_10,z_11,z_12,z_13,z_14,z_15",25.74,32.34,28.31375,2.069135915666248,25.74,26.53,26.53,26.52,26.34,26.72,26.89,27.03,27.57,28.86,29.61,29.74,29.86,30.96,31.78,32.34
335,154.0,129.0,16,"z_0,z_1,z_2,z_3,z_4,z_5,z_6,z_7,z_8,z_9,z_10,z_11,z_12,z_13,z_14,z_15",25.43,32.26,28.05375,2.2207624675998106,25.43,25.74,25.74,25.86,25.86,26.44,26.89,27.36,27.44,28.42,29.04,29.61,30.33,30.76,31.68,32.26
488,460.87499999999994,493.4375,16,"z_0,z_1,z_2,z_3,z_4,z_5,z_6,z_7,z_8,z_9,z_10,z_11,z_12,z_13,z_14,z_15",24.84,32.21,27.57875,2.376372958417933,25.35,24.96,24.84,24.87,25.19,25.35,26.68,26.68,27.28,28.73,28.98,29.2,29.57,30.1,31.27,32.21
494,412.0,490.0,16,"z_0,z_1,z_2,z_3,z_4,z_5,z_6,z_7,z_8,z_9,z_10,z_11,z_12,z_13,z_14,z_15",25.17,32.15,27.884375,2.1309914615912935,25.69,25.5,26.33,25.17,25.69,25.69,26.78,27.95,28.07,28.35,28.7,29.24,29.24,29.87,31.73,32.15
323,80.75000000000003,89.18749999999999,16,"z_0,z_1,z_2,z_3,z_4,z_5,z_6,z_7,z_8,z_9,z_10,z_11,z_12,z_13,z_14,z_15",24.3,32.05,27.3325,2.5802870479851654,24.84,24.3,24.3,24.84,24.91,25.58,25.77,26.44,26.44,28.29,28.34,29.26,29.83,30.46,31.67,32.05
341,67.0,75.18749999999999,16,"z_0,z_1,z_2,z_3,z_4,z_5,z_6,z_7,z_8,z_9,z_10,z_11,z_12,z_13,z_14,z_15",25.69,32.05,28.26875,2.0328854954227005,25.69,25.69,25.77,26.68,26.68,26.96,26.86,27.76,28.07,28.4,29.74,29.85,30.33,30.33,31.44,32.05
478,126.125,235.0,16,"z_0,z_1,z_2,z_3,z_4,z_5,z_6,z_7,z_8,z_9,z_10,z_11,z_12,z_13,z_14,z_15",25.99,32.05,28.741875,2.3092428920265187,26.17,25.99,26.17,26.36,26.27,27.11,27.38,27.5,28.96,29.55,29.98,30.76,31.8,31.91,31.91,32.05
493,258.0,156.0,16,"z_0,z_1,z_2,z_3,z_4,z_5,z_6,z_7,z_8,z_9,z_10,z_11,z_12,z_13,z_14,z_15",25.54,32.01,28.24125,1.935635796708668,26.68,25.54,25.69,26.24,26.89,26.89,27.17,27.53,27.8,29.07,29.11,29.61,30.11,30.26,31.26,32.01
200,447.1875,228.0,16,"z_0,z_1,z_2,z_3,z_4,z_5,z_6,z_7,z_8,z_9,z_10,z_11,z_12,z_13,z_14,z_15",25.09,31.98,27.690625,2.3644911417417065,25.09,25.09,25.19,25.35,25.35,25.54,26.33,26.86,27.7,28.4,28.63,29.55,29.6,30.97,31.42,31.98
5,19.0,374.4375,16,"z_0,z_1,z_2,z_3,z_4,z_5,z_6,z_7,z_8,z_9,z_10,z_11,z_12,z_13,z_14,z_15",26.17,31.95,29.26125,2.0078218141807302,26.56,26.17,27.28,27.28,27.28,27.33,27.95,29.39,30.1,30.33,31.0,31.95,31.16,31.33,31.33,31.74
204,389.0,274.4375,16,"z_0,z_1,z_2,z_3,z_4,z_5,z_6,z_7,z_8,z_9,z_10,z_11,z_12,z_13,z_14,z_15",25.11,31.95,27.315624999999997,2.1436708257974213,25.21,25.11,25.43,25.17,25.43,25.58,26.1,26.44,27.11,27.23,27.95,28.34,29.07,29.64,31.29,31.95
126,280.0,456.625,16,"z_0,z_1,z_2,z_3,z_4,z_5,z_6,z_7,z_8,z_9,z_10,z_11,z_12,z_13,z_14,z_15",26.24,31.9,28.434375,1.8946535591962452,26.44,26.24,26.24,26.75,26.44,26.75,27.01,28.34,28.58,28.71,29.27,29.86,30.37,30.77,31.28,31.9
876,385.0,488.1538461538462,13,"z_1,z_3,z_4,z_5,z_6,z_7,z_8,z_9,z_10,z_12,z_13,z_14,z_15",30.33,31.9,31.541538461538458,0.5066457745095705,,30.33,,31.9,31.9,31.88,31.9,31.9,31.9,31.73,31.9,,31.73,30.99,30.99,30.99
882,78.55555555555556,301.22222222222223,9,"z_1,z_3,z_5,z_6,z_7,z_8,z_12,z_14,z_15",15.02,31.88,18.397777777777776,4.950673978309031,,19.15,,31.88,,16.8,16.8,17.31,18.22,,,,15.38,,15.02,15.02
32,454.9375,363.0,16,"z_0,z_1,z_2,z_3,z_4,z_5,z_6,z_7,z_8,z_9,z_10,z_11,z_12,z_13,z_14,z_15",25.12,31.87,27.9225,2.3193897365470946,25.12,25.3,25.47,25.13,25.53,26.21,26.72,27.36,27.8,28.63,29.3,30.15,30.15,30.76,31.26,31.87
212,475.3125,221.18750000000003,16,"z_0,z_1,z_2,z_3,z_4,z_5,z_6,z_7,z_8,z_9,z_10,z_11,z_12,z_13,z_14,z_15",24.3,31.87,26.859375,2.1704736486248803,24.59,24.7,24.3,24.3,24.78,24.96,25.91,26.78,27.13,27.41,27.5,28.34,28.34,29.08,29.76,31.87
468,131.0,100.2,5,"z_0,z_1,z_2,z_12,z_13",27.8,31.87,30.438,1.5716920818022848,31.53,31.87,31.53,,,,,,,,,,29.46,27.8,,
214,388.0,56.25,16,"z_0,z_1,z_2,z_3,z_4,z_5,z_6,z_7,z_8,z_9,z_10,z_11,z_12,z_13,z_14,z_15",25.54,31.84,27.980625,2.1379676937163947,25.54,25.69,25.69,25.59,25.84,26.1,26.44,27.67,28.25,28.42,29.2,29.78,29.86,30.76,31.02,31.84
174,456.43750000000006,161.25000000000003,16,"z_0,z_1,z_2,z_3,z_4,z_5,z_6,z_7,z_8,z_9,z_10,z_11,z_12,z_13,z_14,z_15",26.17,31.8,28.365000000000002,1.8869121601176886,26.31,26.31,26.17,26.37,26.37,27.11,27.28,27.92,28.34,28.53,29.26,29.45,30.6,31.01,31.01,31.8
203,497.62499999999994,176.50000000000003,16,"z_0,z_1,z_2,z_3,z_4,z_5,z_6,z_7,z_8,z_9,z_10,z_11,z_12,z_13,z_14,z_15",25.73,31.78,28.064999999999998,2.0716569455390053,25.73,25.85,26.07,26.27,26.27,26.46,26.68,26.68,27.95,27.95,28.98,30.01,30.33,30.52,31.51,31.78
4,386.0625,417.4375,16,"z_0,z_1,z_2,z_3,z_4,z_5,z_6,z_7,z_8,z_9,z_10,z_11,z_12,z_13,z_14,z_15",25.13,31.73,27.475625,2.022875332138637,25.13,25.13,25.44,25.47,25.58,25.69,26.31,26.68,27.95,27.95,28.62,28.69,29.13,29.78,30.33,31.73
947,66.0,490.5,2,"z_7,z_15",30.97,31.73,31.35,0.3800000000000008,,,,,,,,31.73,,,,,,,,30.97
932,40.0,491.0,1,z_12,31.73,31.73,31.73,0.0,,,,,,,,,,,,,31.73,,,
34,346.5,396.0,16,"z_0,z_1,z_2,z_3,z_4,z_5,z_6,z_7,z_8,z_9,z_10,z_11,z_12,z_13,z_14,z_15",25.17,31.67,27.42,2.112711527871233,25.17,25.21,25.21,25.35,25.35,25.37,26.68,26.68,27.28,27.95,27.95,28.69,29.09,30.17,30.9,31.67
154,459.0,42.75,16,"z_0,z_1,z_2,z_3,z_4,z_5,z_6,z_7,z_8,z_9,z_10,z_11,z_12,z_13,z_14,z_15",25.93,31.67,28.12625,1.964080175934781,25.93,25.93,26.21,26.18,26.44,26.44,26.78,27.45,27.95,27.95,29.26,30.05,30.22,30.24,31.32,31.67
30,449.0,377.0,16,"z_0,z_1,z_2,z_3,z_4,z_5,z_6,z_7,z_8,z_9,z_10,z_11,z_12,z_13,z_14,z_15",23.82,31.38,26.230625,2.2675991399220012,23.82,23.82,23.82,24.27,24.14,24.57,24.59,25.21,25.86,26.89,27.3,27.95,28.12,28.58,29.37,31.38
495,186.06250000000003,85.5,16,"z_0,z_1,z_2,z_3,z_4,z_5,z_6,z_7,z_8,z_9,z_10,z_11,z_12,z_13,z_14,z_15",25.28,31.37,27.315,2.0202134788185138,25.28,25.28,25.28,25.5,25.5,25.79,26.13,26.54,26.68,27.33,27.95,28.35,29.26,29.76,31.04,31.37
199,324.24999999999994,59.0,16,"z_0,z_1,z_2,z_3,z_4,z_5,z_6,z_7,z_8,z_9,z_10,z_11,z_12,z_13,z_14,z_15",25.21,31.36,27.634999999999998,2.071147025201253,25.21,25.21,25.37,25.6,25.6,26.1,26.24,27.21,27.38,28.09,28.94,29.09,29.83,30.17,30.76,31.36
160,361.0,152.25000000000003,16,"z_0,z_1,z_2,z_3,z_4,z_5,z_6,z_7,z_8,z_9,z_10,z_11,z_12,z_13,z_14,z_15",25.16,31.33,27.435000000000002,2.1903909468403118,25.17,25.17,25.25,25.16,25.25,25.77,25.77,26.5,27.38,27.95,27.95,29.24,29.94,30.05,31.08,31.33
178,403.0,52.0,16,"z_0,z_1,z_2,z_3,z_4,z_5,z_6,z_7,z_8,z_9,z_10,z_11,z_12,z_13,z_14,z_15",25.93,31.29,28.048125,1.9102984673539887,26.52,26.02,25.93,26.17,26.17,26.17,26.94,27.18,27.56,28.29,29.15,29.64,29.74,30.85,31.15,31.29
10,31.0,354.0,16,"z_0,z_1,z_2,z_3,z_4,z_5,z_6,z_7,z_8,z_9,z_10,z_11,z_12,z_13,z_14,z_15",25.47,31.26,28.271875,2.163348731567567,25.47,25.47,25.65,25.99,25.69,27.17,27.22,27.4,28.94,29.08,30.52,30.36,30.7,30.52,30.91,31.26
159,399.8125,67.0,16,"z_0,z_1,z_2,z_3,z_4,z_5,z_6,z_7,z_8,z_9,z_10,z_11,z_12,z_13,z_14,z_15",23.85,31.26,26.60625,2.313773635751778,24.55,24.14,24.4,23.85,24.63,24.63,25.28,25.7,26.1,26.96,27.41,27.95,28.94,29.64,30.26,31.26
301,44.0,9.0,16,"z_0,z_1,z_2,z_3,z_4,z_5,z_6,z_7,z_8,z_9,z_10,z_11,z_12,z_13,z_14,z_15",25.17,31.25,27.576875,1.9240443041611588,25.6,25.17,25.17,25.77,25.82,26.52,26.52,26.87,27.16,27.8,28.49,29.08,29.83,29.83,30.35,31.25
454,278.7692307692308,304.0,13,"z_0,z_1,z_2,z_3,z_4,z_5,z_6,z_7,z_8,z_9,z_10,z_11,z_12",26.44,31.25,28.556153846153848,1.5816132876642055,26.44,27.08,27.08,27.08,27.08,27.44,28.55,28.67,29.45,30.11,30.64,30.36,31.25,,,
8,432.5625,411.0625,16,"z_0,z_1,z_2,z_3,z_4,z_5,z_6,z_7,z_8,z_9,z_10,z_11,z_12,z_13,z_14,z_15",24.84,31.12,27.265,2.0594902281875482,24.89,25.26,24.84,25.47,24.91,25.7,26.37,26.55,27.23,27.5,27.95,28.62,29.13,30.18,30.52,31.12
238,309.0625,457.0,16,"z_0,z_1,z_2,z_3,z_4,z_5,z_6,z_7,z_8,z_9,z_10,z_11,z_12,z_13,z_14,z_15",26.15,31.12,28.10125,1.5792873194893957,26.24,26.87,26.87,26.15,26.84,26.87,26.87,27.1,28.04,28.26,28.95,29.04,29.44,30.23,30.73,31.12
359,27.0,55.8125,16,"z_0,z_1,z_2,z_3,z_4,z_5,z_6,z_7,z_8,z_9,z_10,z_11,z_12,z_13,z_14,z_15",25.17,31.03,27.415625,2.0809101636964047,25.17,25.17,25.17,25.17,25.82,25.77,26.21,26.34,26.44,28.3,28.67,29.08,29.6,30.19,30.52,31.03
477,254.12499999999997,11.125,16,"z_0,z_1,z_2,z_3,z_4,z_5,z_6,z_7,z_8,z_9,z_10,z_11,z_12,z_13,z_14,z_15",23.97,31.01,26.268124999999998,2.146011471165753,24.3,24.3,24.3,23.97,24.49,24.35,24.63,25.21,26.24,26.44,27.18,27.23,28.25,28.56,29.83,31.01
24,502.0,471.75,8,"z_0,z_1,z_2,z_3,z_4,z_5,z_6,z_7",28.42,31.01,29.4125,0.8025856652096399,28.42,28.58,29.07,29.07,29.45,29.46,30.24,31.01,,,,,,,,
25,71.0,428.0,16,"z_0,z_1,z_2,z_3,z_4,z_5,z_6,z_7,z_8,z_9,z_10,z_11,z_12,z_13,z_14,z_15",24.96,31.0,27.69,2.017774144942887,24.96,25.44,25.45,25.21,25.54,26.17,26.72,27.36,28.08,28.7,29.3,29.37,29.37,29.61,30.76,31.0
449,255.18750000000003,314.0,16,"z_0,z_1,z_2,z_3,z_4,z_5,z_6,z_7,z_8,z_9,z_10,z_11,z_12,z_13,z_14,z_15",24.77,30.97,27.370624999999997,2.189927135631457,24.77,25.35,25.11,25.11,25.13,25.51,25.74,26.44,27.44,27.76,28.61,29.36,29.83,29.83,30.97,30.97
652,310.0,122.0,5,"z_0,z_1,z_2,z_9,z_10",27.88,30.97,29.714,1.333485657965619,30.41,30.97,30.97,,,,,,,27.88,28.34,,,,,
956,75.0,491.0,2,"z_3,z_4",30.88,30.97,30.924999999999997,0.04499999999999993,,,,30.97,30.88,,,,,,,,,,,
202,457.0625,241.75,16,"z_0,z_1,z_2,z_3,z_4,z_5,z_6,z_7,z_8,z_9,z_10,z_11,z_12,z_13,z_14,z_15",25.17,30.91,27.573125,2.049087354012756,25.17,25.17,25.17,25.17,25.93,26.17,26.44,27.18,27.23,28.09,28.33,29.25,29.98,30.13,30.85,30.91
211,392.0,19.9375,16,"z_0,z_1,z_2,z_3,z_4,z_5,z_6,z_7,z_8,z_9,z_10,z_11,z_12,z_13,z_14,z_15",25.13,30.88,27.264375,1.9754903465658846,25.17,25.17,25.17,25.17,25.13,25.54,26.12,26.24,27.24,27.92,28.71,29.17,29.17,29.45,29.98,30.88
187,331.0625,199.75,16,"z_0,z_1,z_2,z_3,z_4,z_5,z_6,z_7,z_8,z_9,z_10,z_11,z_12,z_13,z_14,z_15",25.13,30.85,27.47875,2.073809522955279,25.13,25.13,25.13,25.17,25.45,25.6,26.21,26.44,28.09,28.58,28.94,28.94,29.55,30.21,30.24,30.85
344,42.0,59.0,16,"z_0,z_1,z_2,z_3,z_4,z_5,z_6,z_7,z_8,z_9,z_10,z_11,z_12,z_13,z_14,z_15",24.76,30.85,26.851875,2.094084581475877,24.76,24.82,24.82,24.82,24.82,25.17,25.17,25.82,26.53,27.3,27.54,28.36,29.12,29.54,30.19,30.85
498,208.0,138.0,16,"z_0,z_1,z_2,z_3,z_4,z_5,z_6,z_7,z_8,z_9,z_10,z_11,z_12,z_13,z_14,z_15",24.49,30.83,26.950625,2.253007625236763,24.82,24.82,24.82,24.59,24.59,24.49,25.17,25.77,27.46,27.57,27.8,30.33,29.04,29.37,29.74,30.83
94,369.9375,497.0,16,"z_0,z_1,z_2,z_3,z_4,z_5,z_6,z_7,z_8,z_9,z_10,z_11,z_12,z_13,z_14,z_15",24.66,30.76,27.649375,2.1246954745033464,24.66,25.35,25.35,25.61,25.77,25.97,26.17,27.2,27.5,28.34,28.58,29.55,30.06,30.76,30.76,30.76
153,323.62499999999994,18.25,16,"z_0,z_1,z_2,z_3,z_4,z_5,z_6,z_7,z_8,z_9,z_10,z_11,z_12,z_13,z_14,z_15",24.78,30.76,27.314375,2.0913660868855546,25.3,24.96,24.91,24.78,24.96,25.7,26.17,26.72,27.29,28.07,28.34,29.08,29.83,29.83,30.33,30.76
455,324.8571428571429,105.71428571428571,7,"z_0,z_1,z_2,z_3,z_4,z_5,z_13",23.75,30.76,27.487142857142857,1.9805822685384669,30.76,27.95,27.95,27.95,27.95,26.1,,,,,,,,23.75,,
36,210.06250000000003,421.0,16,"z_0,z_1,z_2,z_3,z_4,z_5,z_6,z_7,z_8,z_9,z_10,z_11,z_12,z_13,z_14,z_15",24.57,30.64,26.863125,2.0811526816586525,24.57,24.57,24.57,24.57,25.17,25.17,25.17,25.77,27.4,27.8,27.92,28.14,29.26,29.26,29.83,30.64
213,423.5625,215.125,16,"z_0,z_1,z_2,z_3,z_4,z_5,z_6,z_7,z_8,z_9,z_10,z_11,z_12,z_13,z_14,z_15",24.66,30.6,26.833125,1.9605985015742002,24.66,24.66,24.84,24.91,24.96,24.96,25.61,26.1,26.75,28.17,27.5,28.09,28.49,29.2,29.83,30.6
193,334.3125,133.18750000000003,16,"z_0,z_1,z_2,z_3,z_4,z_5,z_6,z_7,z_8,z_9,z_10,z_11,z_12,z_13,z_14,z_15",24.3,30.56,26.646875,2.0010113653787673,24.55,24.79,24.3,24.85,24.97,25.16,25.37,25.43,26.1,27.23,27.5,28.34,28.34,28.58,30.28,30.56
922,197.5,295.0,2,"z_11,z_12",30.05,30.51,30.28,0.23000000000000043,,,,,,,,,,,,30.51,30.05,,,
487,301.0,281.0,16,"z_0,z_1,z_2,z_3,z_4,z_5,z_6,z_7,z_8,z_9,z_10,z_11,z_12,z_13,z_14,z_15",24.49,30.46,26.95625,2.053225739537667,24.49,24.49,24.76,24.82,25.17,25.17,25.17,27.03,27.46,27.53,27.57,28.39,29.35,29.61,29.83,30.46
482,292.5,221.93749999999997,16,"z_0,z_1,z_2,z_3,z_4,z_5,z_6,z_7,z_8,z_9,z_10,z_11,z_12,z_13,z_14,z_15",23.85,30.45,26.35125,2.173766532427068,24.05,24.09,24.39,23.85,24.14,24.49,24.79,25.61,26.68,27.28,27.28,27.28,27.95,29.61,29.68,30.45
448,89.0,236.06250000000003,16,"z_0,z_1,z_2,z_3,z_4,z_5,z_6,z_7,z_8,z_9,z_10,z_11,z_12,z_13,z_14,z_15",23.67,30.36,26.39125,2.333438650896997,24.3,24.3,24.3,24.0,23.67,23.85,24.66,25.45,25.93,26.66,28.34,28.34,29.03,29.24,29.83,30.36
28,116.0625,376.0,16,"z_0,z_1,z_2,z_3,z_4,z_5,z_6,z_7,z_8,z_9,z_10,z_11,z_12,z_13,z_14,z_15",24.97,30.33,27.631875,2.2001199363614243,25.17,24.97,25.13,25.43,25.53,25.73,25.93,26.68,27.41,29.01,29.89,30.33,29.91,30.33,30.33,30.33
340,199.0,201.43750000000003,16,"z_0,z_1,z_2,z_3,z_4,z_5,z_6,z_7,z_8,z_9,z_10,z_11,z_12,z_13,z_14,z_15",24.49,30.33,26.910625,2.2229301292157158,24.49,24.52,24.52,24.57,24.52,25.24,25.59,25.77,26.44,28.03,28.63,28.63,28.86,30.1,30.33,30.33
475,52.0,166.81249999999997,16,"z_0,z_1,z_2,z_3,z_4,z_5,z_6,z_7,z_8,z_9,z_10,z_11,z_12,z_13,z_14,z_15",25.6,30.33,27.752499999999998,1.5987631938470435,26.03,25.6,25.69,26.24,26.21,26.44,26.89,27.16,28.05,28.34,29.13,29.1,29.1,29.75,30.33,29.98
580,388.0,362.0,16,"z_0,z_1,z_2,z_3,z_4,z_5,z_6,z_7,z_8,z_9,z_10,z_11,z_12,z_13,z_14,z_15",22.81,30.29,25.674375,2.2873264107632303,23.29,23.58,22.81,23.75,23.75,23.75,23.75,25.17,25.17,26.24,26.44,27.26,28.1,28.03,29.41,30.29
977,48.0,491.0,1,z_8,30.26,30.26,30.26,0.0,,,,,,,,,30.26,,,,,,,
484,88.31250000000001,174.93749999999997,16,"z_0,z_1,z_2,z_3,z_4,z_5,z_6,z_7,z_8,z_9,z_10,z_11,z_12,z_13,z_14,z_15",24.41,30.22,26.855,2.0606249052168613,24.41,24.54,24.63,24.76,24.76,25.17,25.49,26.0,27.18,27.66,27.95,28.47,28.75,29.64,30.05,30.22
20,453.0,348.12500000000006,16,"z_0,z_1,z_2,z_3,z_4,z_5,z_6,z_7,z_8,z_9,z_10,z_11,z_12,z_13,z_14,z_15",24.3,30.2,26.38375,1.973543371071434,24.3,24.3,24.3,24.3,24.31,24.33,25.21,25.77,26.72,27.16,27.48,27.57,28.42,28.63,29.14,30.2
98,369.8125,482.4375,16,"z_0,z_1,z_2,z_3,z_4,z_5,z_6,z_7,z_8,z_9,z_10,z_11,z_12,z_13,z_14,z_15",24.49,30.2,26.545625,1.8803156940724073,24.49,24.66,24.66,24.78,24.78,24.78,25.19,25.69,26.17,27.28,27.5,27.95,28.49,28.96,29.15,30.2
330,188.0,185.0,16,"z_0,z_1,z_2,z_3,z_4,z_5,z_6,z_7,z_8,z_9,z_10,z_11,z_12,z_13,z_14,z_15",23.29,30.11,25.838125,2.2413478610815862,23.29,23.29,23.82,23.82,23.82,23.82,24.4,25.17,25.17,25.93,27.24,27.36,28.38,28.42,29.37,30.11
492,17.125,29.0,16,"z_0,z_1,z_2,z_3,z_4,z_5,z_6,z_7,z_8,z_9,z_10,z_11,z_12,z_13,z_14,z_15",24.41,30.1,26.40625,1.9736700427123073,24.59,24.59,24.59,25.17,24.41,24.54,24.76,25.18,25.77,26.25,27.38,28.04,28.71,28.71,29.71,30.1
451,297.0,267.0,16,"z_0,z_1,z_2,z_3,z_4,z_5,z_6,z_7,z_8,z_9,z_10,z_11,z_12,z_13,z_14,z_15",24.57,30.08,26.839375,1.9890087630211681,24.59,24.57,24.76,24.76,24.76,25.24,25.69,26.1,26.72,27.21,28.34,28.34,28.88,29.52,29.87,30.08
945,300.0,212.0,1,z_14,30.06,30.06,30.06,0.0,,,,,,,,,,,,,,,30.06,
97,448.375,467.0,16,"z_0,z_1,z_2,z_3,z_4,z_5,z_6,z_7,z_8,z_9,z_10,z_11,z_12,z_13,z_14,z_15",24.42,30.05,26.523125,1.893019145274289,24.46,24.46,24.42,24.59,24.82,24.97,25.5,25.58,26.37,27.27,27.5,27.95,27.95,28.69,29.79,30.05
186,454.1875,176.68749999999997,16,"z_0,z_1,z_2,z_3,z_4,z_5,z_6,z_7,z_8,z_9,z_10,z_11,z_12,z_13,z_14,z_15",23.29,30.01,25.6725,2.2213467198976393,23.53,23.53,23.29,23.29,23.53,24.0,24.0,24.84,25.36,26.27,26.46,27.28,27.41,28.69,29.27,30.01
326,250.4375,126.18749999999999,16,"z_0,z_1,z_2,z_3,z_4,z_5,z_6,z_7,z_8,z_9,z_10,z_11,z_12,z_13,z_14,z_15",23.36,29.97,25.535625000000003,2.1796157022225273,23.4,23.65,23.4,23.4,23.36,23.53,24.0,24.3,25.47,25.84,26.37,27.23,27.5,28.09,29.06,29.97
328,144.0,244.0,16,"z_0,z_1,z_2,z_3,z_4,z_5,z_6,z_7,z_8,z_9,z_10,z_11,z_12,z_13,z_14,z_15",23.75,29.97,26.103749999999998,2.280317617679607,23.75,23.75,23.75,23.75,24.0,24.35,24.52,24.78,25.73,26.44,27.36,27.95,28.67,29.15,29.74,29.97
96,502.12500000000006,328.87499999999994,16,"z_0,z_1,z_2,z_3,z_4,z_5,z_6,z_7,z_8,z_9,z_10,z_11,z_12,z_13,z_14,z_15",24.49,29.95,26.43625,1.841415471179712,24.57,24.49,24.49,24.59,25.17,25.13,24.97,25.54,26.24,26.68,27.18,27.41,27.95,28.69,29.95,29.93
11,288.0,424.0,16,"z_0,z_1,z_2,z_3,z_4,z_5,z_6,z_7,z_8,z_9,z_10,z_11,z_12,z_13,z_14,z_15",24.26,29.87,26.21,1.808963791787995,24.27,24.33,24.35,24.63,24.26,24.82,24.82,25.53,25.93,26.72,27.16,27.8,27.8,28.05,29.02,29.87
456,203.0,71.5,16,"z_0,z_1,z_2,z_3,z_4,z_5,z_6,z_7,z_8,z_9,z_10,z_11,z_12,z_13,z_14,z_15",24.59,29.83,26.364375000000003,1.7036503776817,24.76,24.76,25.17,24.59,24.59,24.97,25.09,25.53,25.84,26.54,27.12,27.39,28.03,28.25,29.37,29.83
934,34.0,215.0,2,"z_12,z_14",26.36,29.83,28.095,1.7349999999999994,,,,,,,,,,,,,29.83,,26.36,
694,305.43750000000006,205.375,16,"z_0,z_1,z_2,z_3,z_4,z_5,z_6,z_7,z_8,z_9,z_10,z_11,z_12,z_13,z_14,z_15",20.52,29.78,24.689375,3.708487678201857,20.52,20.52,20.52,21.45,21.45,21.45,21.78,22.44,23.75,26.78,28.25,27.98,29.25,29.78,29.74,29.37
480,188.5625,216.0,16,"z_0,z_1,z_2,z_3,z_4,z_5,z_6,z_7,z_8,z_9,z_10,z_11,z_12,z_13,z_14,z_15",23.36,29.64,25.317500000000003,1.9217131029370644,23.57,23.58,23.58,23.36,23.41,23.53,24.0,24.14,25.65,26.1,26.1,26.1,26.44,27.41,28.47,29.64
26,263.0,442.12500000000006,16,"z_0,z_1,z_2,z_3,z_4,z_5,z_6,z_7,z_8,z_9,z_10,z_11,z_12,z_13,z_14,z_15",23.4,29.61,25.597499999999997,1.9818189246245483,23.4,23.65,24.0,23.4,23.75,23.4,24.33,25.13,25.55,26.22,26.22,26.96,27.16,28.38,28.4,29.61
182,370.6875,234.0,16,"z_0,z_1,z_2,z_3,z_4,z_5,z_6,z_7,z_8,z_9,z_10,z_11,z_12,z_13,z_14,z_15",23.65,29.61,25.66375,1.799617580904343,24.3,24.3,24.3,23.97,24.0,23.65,24.0,24.97,25.77,26.34,26.1,26.1,26.44,27.53,29.24,29.61
333,311.0,151.0,16,"z_0,z_1,z_2,z_3,z_4,z_5,z_6,z_7,z_8,z_9,z_10,z_11,z_12,z_13,z_14,z_15",23.58,29.61,25.848125,1.975658810213697,23.95,23.95,23.58,23.75,23.75,23.75,24.82,25.17,25.6,26.71,27.17,27.53,27.57,27.8,28.86,29.61
453,97.0,248.4375,16,"z_0,z_1,z_2,z_3,z_4,z_5,z_6,z_7,z_8,z_9,z_10,z_11,z_12,z_13,z_14,z_15",23.65,29.61,26.051250000000003,2.1146479464676857,24.0,24.0,23.65,24.0,23.67,24.14,24.33,25.43,26.1,26.4,27.12,28.12,28.36,28.63,29.26,29.61
497,239.0,245.31250000000003,16,"z_0,z_1,z_2,z_3,z_4,z_5,z_6,z_7,z_8,z_9,z_10,z_11,z_12,z_13,z_14,z_15",24.3,29.61,25.9875,1.672133741660636,24.66,24.63,24.3,24.3,24.3,24.76,24.73,24.76,25.36,26.36,26.88,27.29,27.56,28.05,28.25,29.61
23,225.0,455.0,10,"z_0,z_1,z_2,z_3,z_4,z_5,z_6,z_7,z_8,z_10",26.22,29.61,27.296,1.1764539940006151,26.22,26.25,26.25,26.25,26.25,27.44,28.31,27.8,28.58,,29.61,,,,,
184,379.0,27.375,16,"z_0,z_1,z_2,z_3,z_4,z_5,z_6,z_7,z_8,z_9,z_10,z_11,z_12,z_13,z_14,z_15",23.29,29.56,25.978125,2.0153108282284893,24.27,23.29,23.82,23.82,24.14,24.27,24.57,25.17,26.21,26.44,27.23,27.5,27.67,28.45,29.56,29.24
189,436.0,243.74999999999997,16,"z_0,z_1,z_2,z_3,z_4,z_5,z_6,z_7,z_8,z_9,z_10,z_11,z_12,z_13,z_14,z_15",23.94,29.55,26.050624999999997,1.9890841760405717,24.39,23.94,23.99,23.98,24.0,24.27,24.49,25.43,25.74,26.72,26.44,28.34,28.26,27.95,29.32,29.55
544,480.37500000000006,14.374999999999998,16,"z_0,z_1,z_2,z_3,z_4,z_5,z_6,z_7,z_8,z_9,z_10,z_11,z_12,z_13,z_14,z_15",19.65,29.46,24.935625,3.3109155998567834,19.65,20.86,21.05,20.93,20.93,22.59,25.12,25.43,26.17,26.79,26.44,27.1,28.56,28.62,29.27,29.46
479,12.0,56.0,16,"z_0,z_1,z_2,z_3,z_4,z_5,z_6,z_7,z_8,z_9,z_10,z_11,z_12,z_13,z_14,z_15",23.75,29.36,26.06375,1.921431351232721,24.45,24.35,23.95,24.0,23.75,24.49,24.59,25.17,25.77,26.54,27.16,28.05,28.05,28.4,28.94,29.36
759,501.87499999999994,69.125,16,"z_0,z_1,z_2,z_3,z_4,z_5,z_6,z_7,z_8,z_9,z_10,z_11,z_12,z_13,z_14,z_15",22.44,29.36,24.986250000000002,2.2744611312352645,22.44,22.98,22.44,22.44,22.47,23.0,23.75,24.49,24.59,25.93,26.34,26.44,27.16,27.46,28.49,29.36
450,200.06250000000003,283.0,16,"z_0,z_1,z_2,z_3,z_4,z_5,z_6,z_7,z_8,z_9,z_10,z_11,z_12,z_13,z_14,z_15",23.58,29.29,26.048125,2.1390044961091124,23.8,23.68,23.58,23.81,24.0,24.35,24.57,24.76,26.1,26.81,27.52,28.11,28.49,28.63,29.29,29.27
22,418.62499999999994,394.0,16,"z_0,z_1,z_2,z_3,z_4,z_5,z_6,z_7,z_8,z_9,z_10,z_11,z_12,z_13,z_14,z_15",23.4,29.26,25.381875,1.92185853651485,23.41,23.4,23.81,23.53,23.53,23.65,23.85,24.14,25.65,25.77,26.1,27.26,26.79,27.61,28.35,29.26
496,157.0,199.0,16,"z_0,z_1,z_2,z_3,z_4,z_5,z_6,z_7,z_8,z_9,z_10,z_11,z_12,z_13,z_14,z_15",23.29,29.26,25.914375,1.8010065545063962,23.29,23.82,24.14,24.44,24.66,24.66,24.66,25.47,25.5,26.24,26.68,27.29,27.56,27.95,29.01,29.26
506,474.0,109.87500000000001,16,"z_0,z_1,z_2,z_3,z_4,z_5,z_6,z_7,z_8,z_9,z_10,z_11,z_12,z_13,z_14,z_15",15.87,29.26,23.5125,4.778547765796634,15.87,15.87,15.87,17.8,17.8,24.76,25.18,25.54,25.93,26.37,26.23,26.86,27.41,27.5,27.95,29.26
65,189.0,371.8125,16,"z_0,z_1,z_2,z_3,z_4,z_5,z_6,z_7,z_8,z_9,z_10,z_11,z_12,z_13,z_14,z_15",23.75,29.24,26.35125,2.0439204821861345,23.75,23.75,24.4,24.54,24.54,24.7,24.93,25.43,25.69,27.23,28.1,28.56,28.74,28.94,29.08,29.24
21,229.75,397.0,16,"z_0,z_1,z_2,z_3,z_4,z_5,z_6,z_7,z_8,z_9,z_10,z_11,z_12,z_13,z_14,z_15",23.82,29.14,26.084375,1.8669158013619684,23.85,23.82,24.14,24.14,24.14,24.49,25.26,25.77,25.97,26.55,27.11,27.28,28.25,28.3,29.14,29.14
672,251.0,344.0,16,"z_0,z_1,z_2,z_3,z_4,z_5,z_6,z_7,z_8,z_9,z_10,z_11,z_12,z_13,z_14,z_15",22.93,29.14,25.379375,2.2531185852890654,23.08,23.22,22.93,23.22,23.21,23.44,23.57,24.14,24.7,26.1,27.4,27.22,27.8,28.34,28.56,29.14
508,397.22222222222223,221.22222222222223,9,"z_0,z_1,z_2,z_9,z_10,z_11,z_12,z_13,z_14",26.44,29.1,27.482222222222223,0.7147459187676849,26.44,27.95,27.18,,,,,,,29.1,27.95,27.18,27.18,27.18,27.18,
343,36.0,72.5625,16,"z_0,z_1,z_2,z_3,z_4,z_5,z_6,z_7,z_8,z_9,z_10,z_11,z_12,z_13,z_14,z_15",23.53,29.09,25.745625,1.9607809947505612,23.65,23.67,23.65,23.53,23.81,24.3,24.62,24.84,25.35,26.55,26.68,27.28,27.95,27.95,29.01,29.09
592,334.4375,214.125,16,"z_0,z_1,z_2,z_3,z_4,z_5,z_6,z_7,z_8,z_9,z_10,z_11,z_12,z_13,z_14,z_15",18.47,29.02,24.88,2.679853074330755,18.47,19.21,24.57,24.57,24.54,24.0,24.3,24.76,25.55,25.65,25.7,25.74,26.1,27.56,29.02,28.34
471,214.0,221.25,16,"z_0,z_1,z_2,z_3,z_4,z_5,z_6,z_7,z_8,z_9,z_10,z_11,z_12,z_13,z_14,z_15",24.49,28.98,26.740625,1.3339484095627543,25.6,24.49,25.69,26.17,25.58,25.74,25.77,26.24,26.24,26.24,28.03,28.03,28.04,28.07,28.98,28.94
763,346.625,280.12500000000006,16,"z_0,z_1,z_2,z_3,z_4,z_5,z_6,z_7,z_8,z_9,z_10,z_11,z_12,z_13,z_14,z_15",22.31,28.75,24.288125,1.8083909241021425,22.76,22.85,22.31,22.98,22.47,23.08,23.08,23.36,23.65,24.3,24.73,25.44,25.5,26.17,27.18,28.75
485,137.0,34.75,16,"z_0,z_1,z_2,z_3,z_4,z_5,z_6,z_7,z_8,z_9,z_10,z_11,z_12,z_13,z_14,z_15",23.29,28.73,25.25625,1.7661004890718985,23.53,23.85,23.29,23.29,23.75,23.8,24.01,24.49,24.91,25.36,26.18,26.46,26.55,27.95,27.95,28.73
775,230.0,236.14285714285714,14,"z_0,z_1,z_2,z_3,z_4,z_5,z_7,z_9,z_10,z_11,z_12,z_13,z_14,z_15",23.44,28.63,26.824999999999996,1.7664522556323363,24.0,23.92,27.08,27.08,28.63,28.34,,28.18,,28.18,28.18,28.16,28.16,26.1,26.1,23.44
191,474.0,44.0,16,"z_0,z_1,z_2,z_3,z_4,z_5,z_6,z_7,z_8,z_9,z_10,z_11,z_12,z_13,z_14,z_15",21.45,28.62,24.63625,1.9001245847312225,23.75,23.75,23.75,23.47,21.45,22.63,22.86,23.44,23.95,24.52,25.45,25.73,26.07,27.18,27.56,28.62
243,182.0,349.87499999999994,16,"z_0,z_1,z_2,z_3,z_4,z_5,z_6,z_7,z_8,z_9,z_10,z_11,z_12,z_13,z_14,z_15",23.75,28.58,25.635625,1.787732393110054,23.81,23.75,23.8,23.81,23.95,24.16,24.45,24.54,25.54,25.69,26.88,27.09,27.67,28.11,28.34,28.58
761,495.0,162.0,16,"z_0,z_1,z_2,z_3,z_4,z_5,z_6,z_7,z_8,z_9,z_10,z_11,z_12,z_13,z_14,z_15",23.05,28.58,24.8275,1.820856597868157,23.05,23.13,23.13,23.13,23.13,23.47,23.53,24.0,24.35,24.63,25.51,25.93,26.45,27.56,27.66,28.58
188,409.12500000000006,112.6875,16,"z_0,z_1,z_2,z_3,z_4,z_5,z_6,z_7,z_8,z_9,z_10,z_11,z_12,z_13,z_14,z_15",23.29,28.56,25.330624999999998,1.8616070636348045,23.8,23.44,23.4,23.29,23.29,23.29,23.82,24.85,25.43,25.99,26.1,27.08,27.5,27.5,27.95,28.56
755,456.0,191.31250000000003,16,"z_0,z_1,z_2,z_3,z_4,z_5,z_6,z_7,z_8,z_9,z_10,z_11,z_12,z_13,z_14,z_15",22.54,28.47,24.611875,1.9991598821442473,23.05,22.86,22.77,22.54,22.54,22.83,22.83,23.67,24.14,25.17,25.6,25.73,26.34,27.16,28.09,28.47
765,356.0,312.0625,16,"z_0,z_1,z_2,z_3,z_4,z_5,z_6,z_7,z_8,z_9,z_10,z_11,z_12,z_13,z_14,z_15",23.08,28.43,25.107499999999998,1.8036993236124477,23.08,23.57,23.57,23.08,23.57,23.57,23.81,24.3,24.3,25.51,25.97,26.6,27.11,27.11,28.14,28.43
472,297.5,299.0,16,"z_0,z_1,z_2,z_3,z_4,z_5,z_6,z_7,z_8,z_9,z_10,z_11,z_12,z_13,z_14,z_15",23.29,28.39,25.646875,1.7679533320693175,24.0,24.0,23.65,23.29,23.29,24.22,24.49,25.41,26.05,26.28,26.68,27.18,27.36,27.67,28.39,28.39
800,348.0,301.0,16,"z_0,z_1,z_2,z_3,z_4,z_5,z_6,z_7,z_8,z_9,z_10,z_11,z_12,z_13,z_14,z_15",22.77,28.39,24.88375,1.9872778963949658,22.98,22.77,22.77,23.0,23.0,23.25,23.58,23.75,24.4,25.17,25.78,26.74,27.22,27.54,27.8,28.39
712,233.0,313.4375,16,"z_0,z_1,z_2,z_3,z_4,z_5,z_6,z_7,z_8,z_9,z_10,z_11,z_12,z_13,z_14,z_15",22.67,28.35,25.20375,2.045855184879907,22.85,22.85,22.85,22.67,23.34,23.8,23.85,24.33,25.21,26.13,26.68,27.23,27.52,27.8,27.8,28.35
181,336.0,9.875,16,"z_0,z_1,z_2,z_3,z_4,z_5,z_6,z_7,z_8,z_9,z_10,z_11,z_12,z_13,z_14,z_15",22.95,28.34,25.075000000000003,1.923515661490699,23.65,23.29,22.99,22.99,22.95,23.0,23.94,24.33,24.7,25.45,25.77,27.08,27.08,27.61,28.03,28.34
539,392.0,345.0,16,"z_0,z_1,z_2,z_3,z_4,z_5,z_6,z_7,z_8,z_9,z_10,z_11,z_12,z_13,z_14,z_15",21.45,28.34,23.74375,2.1887492861221,21.96,21.77,22.18,21.45,21.45,21.45,22.13,22.59,23.29,24.09,24.7,25.21,25.69,26.34,27.26,28.34
682,197.75,15.5,4,"z_0,z_1,z_10,z_11",23.57,28.34,26.335,2.075770941120431,28.34,28.34,,,,,,,,,25.09,23.57,,,,
721,50.0,113.0625,16,"z_0,z_1,z_2,z_3,z_4,z_5,z_6,z_7,z_8,z_9,z_10,z_11,z_12,z_13,z_14,z_15",22.67,28.25,24.633125,1.940192383341147,22.87,22.77,22.7,22.77,22.67,22.77,23.05,23.75,24.59,25.17,25.17,25.82,27.16,27.16,27.46,28.25
447,267.0,144.6875,16,"z_0,z_1,z_2,z_3,z_4,z_5,z_6,z_7,z_8,z_9,z_10,z_11,z_12,z_13,z_14,z_15",22.95,28.12,24.916874999999997,1.4540147813468065,23.75,22.99,23.75,22.95,23.75,23.75,24.0,24.3,25.44,25.47,25.51,25.69,25.77,26.17,27.26,28.12
547,441.62499999999994,448.0,16,"z_0,z_1,z_2,z_3,z_4,z_5,z_6,z_7,z_8,z_9,z_10,z_11,z_12,z_13,z_14,z_15",22.32,28.12,24.296875,1.841740748415748,22.67,22.77,22.54,22.54,22.54,22.32,23.03,23.29,23.65,24.85,25.34,25.45,26.24,26.24,27.16,28.12
500,496.0,341.12500000000006,16,"z_0,z_1,z_2,z_3,z_4,z_5,z_6,z_7,z_8,z_9,z_10,z_11,z_12,z_13,z_14,z_15",22.85,28.1,24.899375,1.733322202989104,23.03,22.85,22.85,23.29,23.29,23.44,24.0,24.33,24.59,25.7,26.21,25.86,26.34,26.57,27.94,28.1
583,460.12500000000006,422.875,16,"z_0,z_1,z_2,z_3,z_4,z_5,z_6,z_7,z_8,z_9,z_10,z_11,z_12,z_13,z_14,z_15",21.45,28.09,24.14375,1.9489480335555385,22.46,21.45,22.18,22.18,22.61,22.7,22.81,23.44,23.95,24.66,24.84,25.36,25.61,26.68,27.28,28.09
802,490.5,267.9375,16,"z_0,z_1,z_2,z_3,z_4,z_5,z_6,z_7,z_8,z_9,z_10,z_11,z_12,z_13,z_14,z_15",22.95,28.01,24.755000000000003,1.6042560581154124,22.95,23.05,23.05,23.05,23.29,23.29,23.29,24.54,25.09,25.28,25.65,26.1,26.12,26.66,26.66,28.01
719,188.875,122.5,16,"z_0,z_1,z_2,z_3,z_4,z_5,z_6,z_7,z_8,z_9,z_10,z_11,z_12,z_13,z_14,z_15",23.03,27.95,24.853125,1.5639402112532947,23.03,23.03,23.29,23.29,23.53,23.81,24.0,24.33,24.14,25.77,26.28,25.5,25.58,26.84,27.28,27.95
836,221.0,430.5,16,"z_0,z_1,z_2,z_3,z_4,z_5,z_6,z_7,z_8,z_9,z_10,z_11,z_12,z_13,z_14,z_15",22.77,27.95,24.984375,1.7915076358684605,22.87,22.77,22.99,23.29,23.29,23.65,23.85,24.32,24.54,25.77,26.36,26.36,27.23,27.23,27.28,27.95
837,239.375,455.56249999999994,16,"z_0,z_1,z_2,z_3,z_4,z_5,z_6,z_7,z_8,z_9,z_10,z_11,z_12,z_13,z_14,z_15",23.05,27.95,25.37375,1.6403920072653364,23.05,23.44,23.58,23.53,23.81,24.3,24.45,25.0,25.35,25.97,26.68,26.68,27.28,27.41,27.5,27.95
939,225.0,17.0,1,z_13,27.95,27.95,27.95,0.0,,,,,,,,,,,,,,27.95,,
704,104.31250000000001,158.0,16,"z_0,z_1,z_2,z_3,z_4,z_5,z_6,z_7,z_8,z_9,z_10,z_11,z_12,z_13,z_14,z_15",22.46,27.73,24.3375,1.669432912698201,22.85,22.85,22.46,22.81,22.61,22.92,23.13,23.29,24.14,24.49,25.54,26.04,25.65,26.1,26.79,27.73
526,466.8125,121.25,16,"z_0,z_1,z_2,z_3,z_4,z_5,z_6,z_7,z_8,z_9,z_10,z_11,z_12,z_13,z_14,z_15",21.25,27.62,23.84375,1.7878159685773034,21.75,21.25,22.83,22.83,22.83,22.83,22.83,23.29,23.44,23.29,23.65,24.14,25.43,26.31,27.18,27.62
834,294.25,480.12500000000006,16,"z_0,z_1,z_2,z_3,z_4,z_5,z_6,z_7,z_8,z_9,z_10,z_11,z_12,z_13,z_14,z_15",22.07,27.54,24.0,1.8380662392851892,22.44,22.44,22.07,22.31,22.31,22.47,22.73,22.96,23.29,23.65,25.17,25.49,25.65,26.4,27.08,27.54
838,135.0,392.0,16,"z_0,z_1,z_2,z_3,z_4,z_5,z_6,z_7,z_8,z_9,z_10,z_11,z_12,z_13,z_14,z_15",22.55,27.53,24.724375000000002,1.8000033637121349,22.66,22.64,22.55,22.7,22.77,23.58,23.58,23.98,25.13,25.13,26.4,26.4,26.68,26.78,27.08,27.53
716,72.0,51.875,16,"z_0,z_1,z_2,z_3,z_4,z_5,z_6,z_7,z_8,z_9,z_10,z_11,z_12,z_13,z_14,z_15",22.63,27.52,24.191875,1.6848635655076054,22.81,22.75,22.63,22.77,22.83,22.77,22.63,22.95,23.75,23.99,25.11,25.45,25.6,26.4,27.11,27.52
722,22.0,98.0,16,"z_0,z_1,z_2,z_3,z_4,z_5,z_6,z_7,z_8,z_9,z_10,z_11,z_12,z_13,z_14,z_15",21.45,27.5,23.875,1.9209210030607717,22.63,22.18,21.45,21.45,22.18,22.18,22.63,22.87,23.29,24.33,25.53,25.45,25.45,26.44,26.44,27.5
563,326.62499999999994,471.0,16,"z_0,z_1,z_2,z_3,z_4,z_5,z_6,z_7,z_8,z_9,z_10,z_11,z_12,z_13,z_14,z_15",22.54,27.45,24.310000000000002,1.8103797944077924,22.63,22.55,22.59,22.54,22.54,22.77,22.92,23.29,23.29,25.24,25.69,25.86,25.86,26.44,27.3,27.45
817,133.0,376.6875,16,"z_0,z_1,z_2,z_3,z_4,z_5,z_6,z_7,z_8,z_9,z_10,z_11,z_12,z_13,z_14,z_15",21.45,27.45,23.553125,2.101189302365449,21.45,21.45,21.45,21.45,21.77,21.77,22.07,22.47,23.03,23.97,24.0,25.47,26.13,26.17,26.75,27.45
670,298.0625,442.0,16,"z_0,z_1,z_2,z_3,z_4,z_5,z_6,z_7,z_8,z_9,z_10,z_11,z_12,z_13,z_14,z_15",22.67,27.44,24.228125,1.5799731752074146,22.95,22.73,22.95,22.67,22.67,22.81,22.81,23.8,23.98,24.32,24.52,24.97,25.74,26.21,27.08,27.44
702,197.56249999999997,113.0,16,"z_0,z_1,z_2,z_3,z_4,z_5,z_6,z_7,z_8,z_9,z_10,z_11,z_12,z_13,z_14,z_15",21.12,27.44,23.6125,2.0195621431389528,22.22,22.2,22.18,21.12,21.46,21.54,21.78,22.7,23.29,23.4,24.32,25.13,26.24,26.34,26.44,27.44
673,274.0,337.1875,16,"z_0,z_1,z_2,z_3,z_4,z_5,z_6,z_7,z_8,z_9,z_10,z_11,z_12,z_13,z_14,z_15",21.41,27.42,23.63125,2.000824439449899,22.2,21.58,21.67,21.56,21.41,21.63,21.79,22.83,23.47,24.41,24.49,25.69,25.69,26.13,26.13,27.42
671,264.0,346.75000000000006,16,"z_0,z_1,z_2,z_3,z_4,z_5,z_6,z_7,z_8,z_9,z_10,z_11,z_12,z_13,z_14,z_15",21.45,27.41,23.916874999999997,1.9603115783913028,21.45,22.18,21.45,21.95,22.15,22.63,22.63,23.29,23.44,24.66,24.49,25.74,25.84,26.68,26.68,27.41
790,338.1875,111.43750000000001,16,"z_0,z_1,z_2,z_3,z_4,z_5,z_6,z_7,z_8,z_9,z_10,z_11,z_12,z_13,z_14,z_15",22.22,27.4,24.090625000000003,1.5683887781334698,22.22,22.42,22.51,23.03,23.85,23.29,23.8,23.29,23.29,23.29,25.11,25.36,27.4,27.4,25.51,23.68
828,245.0,327.0,16,"z_0,z_1,z_2,z_3,z_4,z_5,z_6,z_7,z_8,z_9,z_10,z_11,z_12,z_13,z_14,z_15",21.45,27.36,23.69125,1.8252392822586305,22.54,22.37,22.46,21.45,21.45,21.45,22.32,22.59,23.75,23.75,25.17,25.17,25.53,25.77,25.93,27.36
750,133.125,149.06250000000003,16,"z_0,z_1,z_2,z_3,z_4,z_5,z_6,z_7,z_8,z_9,z_10,z_11,z_12,z_13,z_14,z_15",21.45,27.33,23.616875,1.664619771712147,22.44,21.94,22.31,22.31,21.79,21.45,22.59,22.83,22.83,24.49,25.09,24.66,24.76,25.51,25.54,27.33
756,402.0,125.0,16,"z_0,z_1,z_2,z_3,z_4,z_5,z_6,z_7,z_8,z_9,z_10,z_11,z_12,z_13,z_14,z_15",21.09,27.31,23.310625,2.0087292897190006,21.54,21.28,21.45,21.09,21.45,21.45,21.45,22.59,23.05,23.75,24.59,24.82,25.21,25.77,26.17,27.31
579,10.0625,41.9375,16,"z_0,z_1,z_2,z_3,z_4,z_5,z_6,z_7,z_8,z_9,z_10,z_11,z_12,z_13,z_14,z_15",21.45,27.26,23.821875,1.8628413068146736,21.45,23.13,22.61,22.63,21.45,21.45,22.59,22.77,22.96,24.32,25.04,25.24,25.3,26.27,26.68,27.26
729,212.62500000000006,197.81249999999997,16,"z_0,z_1,z_2,z_3,z_4,z_5,z_6,z_7,z_8,z_9,z_10,z_11,z_12,z_13,z_14,z_15",22.2,27.26,24.40875,1.6303330756320937,22.2,22.2,23.75,22.56,23.75,22.73,23.58,23.58,24.35,24.52,24.66,25.69,26.24,26.37,27.1,27.26
912,322.0,145.6,10,"z_5,z_6,z_8,z_9,z_10,z_11,z_12,z_13,z_14,z_15",23.75,27.26,25.616000000000003,1.1558563924640468,,,,,,27.26,26.54,,26.15,26.15,26.57,24.61,23.75,23.75,25.28,26.1
715,114.375,56.25,16,"z_0,z_1,z_2,z_3,z_4,z_5,z_6,z_7,z_8,z_9,z_10,z_11,z_12,z_13,z_14,z_15",22.12,27.23,24.121875,1.6398712554267783,23.57,23.08,22.44,22.44,22.12,22.44,22.76,23.34,23.41,24.14,24.93,25.5,25.7,25.77,27.08,27.23
835,292.0,368.3125,16,"z_0,z_1,z_2,z_3,z_4,z_5,z_6,z_7,z_8,z_9,z_10,z_11,z_12,z_13,z_14,z_15",20.9,27.23,23.343124999999997,1.9986236475072041,21.45,21.57,21.12,20.9,21.29,21.63,22.15,22.63,22.77,23.94,24.49,25.45,25.45,25.73,25.69,27.23
528,300.0625,468.0,16,"z_0,z_1,z_2,z_3,z_4,z_5,z_6,z_7,z_8,z_9,z_10,z_11,z_12,z_13,z_14,z_15",21.73,27.17,23.124375,1.5337412133000143,22.46,22.22,21.73,21.73,21.73,21.73,21.73,22.55,22.55,22.87,23.53,23.85,23.81,24.97,25.36,27.17
933,59.0,190.66666666666666,3,"z_12,z_13,z_14",24.3,27.17,25.97,1.2178943577612418,,,,,,,,,,,,,26.44,27.17,24.3,
548,418.0,368.0,16,"z_0,z_1,z_2,z_3,z_4,z_5,z_6,z_7,z_8,z_9,z_10,z_11,z_12,z_13,z_14,z_15",20.64,27.16,23.030625,2.0251897094778553,20.94,20.64,20.64,21.12,21.45,21.79,21.97,22.55,22.63,22.95,23.95,24.3,24.33,25.21,26.86,27.16
764,335.0,170.0,16,"z_0,z_1,z_2,z_3,z_4,z_5,z_6,z_7,z_8,z_9,z_10,z_11,z_12,z_13,z_14,z_15",21.45,27.16,23.29,1.6706884808365687,22.44,22.2,22.1,21.79,21.45,21.45,21.45,22.11,22.99,23.75,23.75,24.49,25.17,25.17,25.17,27.16
595,323.6666666666667,29.0,6,"z_0,z_1,z_10,z_11,z_13,z_15",25.09,27.16,26.230000000000004,0.8237718130647589,26.68,26.68,,,,,,,,,25.09,25.09,,27.16,,26.68
546,406.0,39.0,5,"z_0,z_1,z_2,z_3,z_8",23.75,27.16,25.851999999999997,1.302480710029903,27.16,27.16,23.75,26.1,,,,,25.09,,,,,,,
434,15.0,254.0,2,"z_0,z_1",27.16,27.16,27.16,0.0,27.16,27.16,,,,,,,,,,,,,,
789,404.0,152.0,11,"z_0,z_1,z_2,z_3,z_4,z_5,z_6,z_7,z_8,z_9,z_10",23.8,27.11,25.528181818181817,1.1209234681670304,26.35,25.82,26.35,27.11,25.89,26.35,25.77,25.77,23.8,23.8,23.8,,,,,
703,163.0,211.0,16,"z_0,z_1,z_2,z_3,z_4,z_5,z_6,z_7,z_8,z_9,z_10,z_11,z_12,z_13,z_14,z_15",21.12,26.96,22.8225,1.822801758283111,21.54,21.12,21.45,21.12,21.12,21.45,21.45,21.45,21.45,23.75,23.75,23.75,24.46,25.17,25.17,26.96
718,19.0,176.50000000000003,16,"z_0,z_1,z_2,z_3,z_4,z_5,z_6,z_7,z_8,z_9,z_10,z_11,z_12,z_13,z_14,z_15",22.18,26.88,23.926875000000003,1.7678861627307914,22.18,22.2,22.2,22.2,22.22,22.47,22.47,22.85,23.65,24.3,24.63,25.51,26.44,26.19,26.44,26.88
886,468.0,29.5,10,"z_6,z_7,z_8,z_9,z_10,z_11,z_12,z_13,z_14,z_15",22.99,26.88,25.157999999999998,1.2855489099991495,,,,,,,22.99,23.29,24.06,24.63,25.52,25.77,25.6,26.4,26.44,26.88
832,36.0,455.0,16,"z_0,z_1,z_2,z_3,z_4,z_5,z_6,z_7,z_8,z_9,z_10,z_11,z_12,z_13,z_14,z_15",21.45,26.86,23.536875,1.8474804422171838,21.45,21.45,21.45,21.45,21.97,22.22,22.47,22.47,23.36,24.32,24.55,25.19,25.77,25.77,25.84,26.86
566,486.0,221.0,5,"z_0,z_1,z_2,z_3,z_4",25.17,26.72,26.270000000000003,0.5962549790148497,26.68,26.72,26.68,26.1,25.17,,,,,,,,,,,
698,50.0,73.875,16,"z_0,z_1,z_2,z_3,z_4,z_5,z_6,z_7,z_8,z_9,z_10,z_11,z_12,z_13,z_14,z_15",22.32,26.68,23.73375,1.4172017984394458,23.29,22.32,22.37,22.37,22.54,22.54,22.54,22.75,22.75,23.87,24.3,24.78,25.47,25.47,25.7,26.68
717,108.0,140.0,16,"z_0,z_1,z_2,z_3,z_4,z_5,z_6,z_7,z_8,z_9,z_10,z_11,z_12,z_13,z_14,z_15",21.67,26.68,23.49875,1.5189382599368546,21.78,21.77,21.67,22.2,22.15,22.54,22.37,22.67,23.75,23.8,24.33,24.76,24.76,25.21,25.54,26.68
739,230.0,256.0,16,"z_0,z_1,z_2,z_3,z_4,z_5,z_6,z_7,z_8,z_9,z_10,z_11,z_12,z_13,z_14,z_15",20.93,26.68,22.634999999999998,1.7383792739215453,21.25,21.25,21.17,20.93,20.93,20.93,21.51,21.54,22.32,22.7,23.05,23.97,24.0,25.11,24.82,26.68
757,444.0,154.0,16,"z_0,z_1,z_2,z_3,z_4,z_5,z_6,z_7,z_8,z_9,z_10,z_11,z_12,z_13,z_14,z_15",21.08,26.68,22.769375,1.7032999910100979,22.15,21.28,21.08,21.12,21.28,21.12,21.12,21.45,22.67,22.77,23.75,23.75,24.16,24.82,25.11,26.68
839,294.0625,456.625,16,"z_0,z_1,z_2,z_3,z_4,z_5,z_6,z_7,z_8,z_9,z_10,z_11,z_12,z_13,z_14,z_15",22.0,26.68,23.806874999999998,1.5804774545608045,22.13,22.83,22.83,22.0,22.0,22.07,22.76,22.96,23.4,24.45,24.45,24.73,25.47,25.47,26.68,26.68
532,487.8571428571429,88.28571428571429,7,"z_0,z_1,z_2,z_3,z_4,z_11,z_12",25.09,26.68,26.18,0.6978129098425,26.68,26.68,26.68,26.68,26.36,,,,,,,25.09,25.09,,,
708,293.0,236.25000000000003,16,"z_0,z_1,z_2,z_3,z_4,z_5,z_6,z_7,z_8,z_9,z_10,z_11,z_12,z_13,z_14,z_15",21.37,26.66,23.071875,1.6530548189261605,21.82,21.68,21.77,21.54,21.57,21.37,21.56,21.78,22.63,23.4,23.95,24.49,24.59,25.17,25.17,26.66
509,399.9375,496.5,16,"z_0,z_1,z_2,z_3,z_4,z_5,z_6,z_7,z_8,z_9,z_10,z_11,z_12,z_13,z_14,z_15",21.58,26.55,23.2325,1.7160984091828764,21.78,21.58,21.78,21.78,21.58,21.77,21.77,22.26,22.54,23.29,24.11,24.61,24.54,25.65,26.13,26.55
553,428.0,447.0,16,"z_0,z_1,z_2,z_3,z_4,z_5,z_6,z_7,z_8,z_9,z_10,z_11,z_12,z_13,z_14,z_15",22.59,26.55,24.074375,1.4968382041406485,23.13,22.83,22.7,22.59,22.59,22.59,22.59,22.83,23.75,24.32,25.19,25.43,25.73,25.93,26.44,26.55
709,244.875,259.0,16,"z_0,z_1,z_2,z_3,z_4,z_5,z_6,z_7,z_8,z_9,z_10,z_11,z_12,z_13,z_14,z_15",21.56,26.44,23.354374999999997,1.5971692488196114,22.32,22.15,22.15,21.56,21.56,21.73,22.2,22.55,22.77,23.32,23.95,24.49,25.21,25.17,26.1,26.44
737,162.0,402.75000000000006,16,"z_0,z_1,z_2,z_3,z_4,z_5,z_6,z_7,z_8,z_9,z_10,z_11,z_12,z_13,z_14,z_15",21.45,26.36,23.646250000000002,1.8534220883274268,21.45,21.45,22.2,21.73,21.77,22.2,22.0,22.76,23.67,23.85,25.36,25.69,25.91,25.97,25.97,26.36
541,360.75,242.0,4,"z_0,z_2,z_4,z_11",23.29,26.35,24.4525,1.1668842059090532,23.75,,24.42,,26.35,,,,,,,23.29,,,,
754,368.4375,263.68750000000006,16,"z_0,z_1,z_2,z_3,z_4,z_5,z_6,z_7,z_8,z_9,z_10,z_11,z_12,z_13,z_14,z_15",19.98,26.25,22.346874999999997,1.8151815293173845,21.12,20.84,20.35,19.98,20.95,21.01,21.1,21.1,21.25,23.57,23.57,23.57,24.0,24.3,24.59,26.25
550,351.0,413.0,16,"z_0,z_1,z_2,z_3,z_4,z_5,z_6,z_7,z_8,z_9,z_10,z_11,z_12,z_13,z_14,z_15",21.45,26.18,22.8125,1.472241063820732,21.45,21.45,21.45,21.45,21.45,21.45,21.45,22.2,22.63,23.05,23.49,23.99,24.16,24.52,24.63,26.18
720,227.0,7.8125,16,"z_0,z_1,z_2,z_3,z_4,z_5,z_6,z_7,z_8,z_9,z_10,z_11,z_12,z_13,z_14,z_15",21.45,26.17,23.184374999999996,1.8193198205304648,21.45,21.45,21.45,21.45,21.45,21.45,21.45,22.59,22.99,23.29,23.82,24.7,25.54,25.6,26.17,26.1
699,311.0,12.1875,16,"z_0,z_1,z_2,z_3,z_4,z_5,z_6,z_7,z_8,z_9,z_10,z_11,z_12,z_13,z_14,z_15",21.35,26.15,23.189375,1.6708286445279175,21.77,21.78,21.77,21.35,21.46,21.45,21.45,22.26,23.04,24.06,24.32,24.49,24.97,24.97,25.74,26.15
283,7.0,16.0,1,z_0,26.13,26.13,26.13,0.0,26.13,,,,,,,,,,,,,,,
516,381.1875,405.0,16,"z_0,z_1,z_2,z_3,z_4,z_5,z_6,z_7,z_8,z_9,z_10,z_11,z_12,z_13,z_14,z_15",21.45,26.1,23.464375,1.6883163534643029,21.45,21.45,21.45,21.45,22.18,22.18,22.77,22.86,23.05,24.24,24.45,25.14,26.1,24.91,25.78,25.97
713,199.0,248.125,16,"z_0,z_1,z_2,z_3,z_4,z_5,z_6,z_7,z_8,z_9,z_10,z_11,z_12,z_13,z_14,z_15",19.98,26.1,22.223125000000003,1.78253232351478,19.98,20.93,19.98,20.6,20.64,21.05,21.45,21.45,21.45,22.18,23.75,23.75,23.75,23.75,24.76,26.1
752,287.1875,53.3125,16,"z_0,z_1,z_2,z_3,z_4,z_5,z_6,z_7,z_8,z_9,z_10,z_11,z_12,z_13,z_14,z_15",22.13,26.1,23.515625,1.4271648851394156,22.77,22.13,22.15,22.2,22.22,22.26,22.15,22.67,22.76,23.75,24.3,24.44,24.97,25.28,26.1,26.1
826,172.0,474.0,16,"z_0,z_1,z_2,z_3,z_4,z_5,z_6,z_7,z_8,z_9,z_10,z_11,z_12,z_13,z_14,z_15",22.07,26.1,23.775000000000002,1.5322532427767936,22.44,22.44,22.44,22.07,22.07,22.07,22.76,23.03,23.41,24.0,24.61,25.58,25.69,25.59,26.1,26.1
643,61.8,109.4,15,"z_0,z_1,z_2,z_3,z_4,z_5,z_6,z_7,z_8,z_9,z_10,z_11,z_12,z_13,z_14",22.54,26.1,24.539333333333342,1.5200766062567017,22.54,24.3,25.43,25.43,25.43,26.1,26.1,26.1,26.1,26.1,24.3,22.54,22.54,22.54,22.54,
679,210.07142857142858,208.92857142857142,14,"z_0,z_1,z_2,z_4,z_5,z_6,z_7,z_9,z_10,z_11,z_12,z_13,z_14,z_15",22.83,26.1,24.533571428571435,0.884764756005453,26.1,26.1,25.17,,24.46,24.46,24.35,24.35,,24.3,24.14,24.14,25.57,22.83,23.75,23.75
639,376.5,445.0,10,"z_0,z_1,z_2,z_7,z_8,z_9,z_10,z_11,z_12,z_13",23.44,26.1,24.754000000000005,0.9164300300623067,26.1,26.1,26.1,,,,,24.3,24.3,24.3,24.3,24.3,24.3,23.44,,
954,6.2857142857142865,478.0,7,"z_2,z_3,z_4,z_5,z_6,z_7,z_8",23.75,26.1,24.36285714285714,0.9751881032573639,,,23.75,23.75,23.75,23.75,23.75,25.69,26.1,,,,,,,
503,400.5,484.0,16,"z_0,z_1,z_2,z_3,z_4,z_5,z_6,z_7,z_8,z_9,z_10,z_11,z_12,z_13,z_14,z_15",20.91,26.04,22.929375,1.7766100752205025,20.91,21.45,20.91,21.45,21.09,21.35,21.77,21.78,22.85,23.03,24.3,24.3,24.78,25.28,25.58,26.04
707,202.0,215.25000000000003,16,"z_0,z_1,z_2,z_3,z_4,z_5,z_6,z_7,z_8,z_9,z_10,z_11,z_12,z_13,z_14,z_15",20.94,26.03,22.868125000000003,1.802759061653831,21.12,21.46,21.46,20.94,21.12,21.45,21.45,21.45,22.56,22.63,23.75,24.36,25.17,25.17,25.77,26.03
810,16.0,467.12500000000006,16,"z_0,z_1,z_2,z_3,z_4,z_5,z_6,z_7,z_8,z_9,z_10,z_11,z_12,z_13,z_14,z_15",21.75,25.91,23.600625,1.5533088422380785,21.94,21.78,21.75,21.8,21.94,22.46,22.95,23.25,23.53,23.65,24.49,25.37,25.91,25.51,25.51,25.77
536,483.37500000000006,447.0,16,"z_0,z_1,z_2,z_3,z_4,z_5,z_6,z_7,z_8,z_9,z_10,z_11,z_12,z_13,z_14,z_15",21.45,25.82,22.823125,1.4324660499903656,21.45,21.45,21.45,21.45,21.45,21.45,21.79,22.02,22.7,23.29,23.29,23.82,24.33,24.82,24.59,25.82
714,24.0,41.3125,16,"z_0,z_1,z_2,z_3,z_4,z_5,z_6,z_7,z_8,z_9,z_10,z_11,z_12,z_13,z_14,z_15",21.54,25.82,23.0175,1.4938185130731243,22.07,22.07,22.07,21.78,21.78,21.57,21.54,21.78,22.22,22.67,23.4,23.97,25.09,24.76,25.69,25.82
706,198.0,228.25000000000003,16,"z_0,z_1,z_2,z_3,z_4,z_5,z_6,z_7,z_8,z_9,z_10,z_11,z_12,z_13,z_14,z_15",19.98,25.77,22.4025,2.2081539235297885,19.98,19.98,19.98,19.98,20.86,20.84,20.68,20.91,22.1,22.95,24.27,24.27,24.57,25.53,25.77,25.77
758,459.8125,221.0,16,"z_0,z_1,z_2,z_3,z_4,z_5,z_6,z_7,z_8,z_9,z_10,z_11,z_12,z_13,z_14,z_15",19.98,25.77,21.959375,1.708319601062693,21.09,20.52,20.35,19.98,19.98,19.98,20.84,21.25,21.77,22.22,22.95,23.29,23.44,23.65,24.27,25.77
517,362.37500000000006,118.0,16,"z_0,z_1,z_2,z_3,z_4,z_5,z_6,z_7,z_8,z_9,z_10,z_11,z_12,z_13,z_14,z_15",17.8,25.67,20.689999999999998,2.1003035494899303,20.64,20.64,20.64,20.24,18.28,17.8,18.28,18.63,19.71,19.71,20.9,20.93,21.47,23.75,23.75,25.67
816,285.0,489.0,16,"z_0,z_1,z_2,z_3,z_4,z_5,z_6,z_7,z_8,z_9,z_10,z_11,z_12,z_13,z_14,z_15",21.12,25.6,22.585,1.481198838778913,21.12,21.45,21.45,21.45,21.45,21.45,21.45,21.45,21.45,22.92,23.12,23.05,24.49,24.49,24.97,25.6
586,450.0,54.31249999999999,16,"z_0,z_1,z_2,z_3,z_4,z_5,z_6,z_7,z_8,z_9,z_10,z_11,z_12,z_13,z_14,z_15",15.87,25.47,22.149375,2.69525617694775,20.86,15.87,15.87,22.63,21.45,21.45,22.18,22.63,22.22,23.29,23.29,23.44,23.97,24.3,25.47,25.47
470,301.0,6.666666666666667,3,"z_0,z_1,z_2",24.78,25.47,25.166666666666668,0.28778850258865746,25.25,24.78,25.47,,,,,,,,,,,,,
731,291.0,86.9375,16,"z_0,z_1,z_2,z_3,z_4,z_5,z_6,z_7,z_8,z_9,z_10,z_11,z_12,z_13,z_14,z_15",22.15,25.43,23.82875,1.1914008299057042,25.24,23.75,25.09,25.43,25.43,23.75,23.9,23.75,22.15,23.57,23.75,22.15,23.57,22.15,22.15,25.43
684,90.0,86.0,2,"z_0,z_1",25.42,25.43,25.425,0.004999999999999005,25.43,25.42,,,,,,,,,,,,,,
535,473.0,355.0,16,"z_0,z_1,z_2,z_3,z_4,z_5,z_6,z_7,z_8,z_9,z_10,z_11,z_12,z_13,z_14,z_15",20.04,25.35,21.7925,1.6165491795797615,20.55,20.58,20.04,20.17,20.26,20.26,20.62,20.91,21.45,21.45,23.01,23.3,23.45,23.53,23.75,25.35
567,464.0,169.0,2,"z_0,z_1",25.12,25.35,25.235,0.11500000000000021,25.35,25.12,,,,,,,,,,,,,,
640,276.0,72.9375,16,"z_0,z_1,z_2,z_3,z_4,z_5,z_6,z_7,z_8,z_9,z_10,z_11,z_12,z_13,z_14,z_15",20.83,25.24,23.76375,1.3054638782823524,25.13,25.13,25.24,25.24,23.75,25.09,23.75,23.58,23.58,23.58,20.83,23.58,23.58,23.58,23.75,20.83
823,27.0,473.0,16,"z_0,z_1,z_2,z_3,z_4,z_5,z_6,z_7,z_8,z_9,z_10,z_11,z_12,z_13,z_14,z_15",21.05,25.21,22.564375000000002,1.5132744659760173,21.45,21.45,21.05,21.05,21.05,21.08,21.12,21.45,22.18,23.13,23.29,24.44,23.75,24.63,24.7,25.21
504,433.24999999999994,435.0,16,"z_0,z_1,z_2,z_3,z_4,z_5,z_6,z_7,z_8,z_9,z_10,z_11,z_12,z_13,z_14,z_15",20.9,25.17,22.330624999999998,1.4924119268402412,21.08,21.08,21.28,21.08,21.12,21.12,20.9,21.12,21.12,22.83,23.29,23.29,24.14,23.85,24.82,25.17
743,28.0,204.125,16,"z_0,z_1,z_2,z_3,z_4,z_5,z_6,z_7,z_8,z_9,z_10,z_11,z_12,z_13,z_14,z_15",20.52,25.17,22.241875,1.4348005904567367,21.12,20.52,20.64,21.12,20.9,21.12,21.45,21.45,21.45,22.18,23.75,23.75,23.75,23.75,23.75,25.17
705,236.31250000000003,80.375,16,"z_0,z_1,z_2,z_3,z_4,z_5,z_6,z_7,z_8,z_9,z_10,z_11,z_12,z_13,z_14,z_15",21.07,25.16,22.788125,1.450466385124109,21.45,21.45,21.35,21.07,21.1,21.57,21.57,22.31,22.31,23.53,23.85,24.4,24.41,24.78,25.16,24.3
348,105.0,7.0,7,"z_0,z_1,z_2,z_3,z_4,z_5,z_6",24.61,25.11,24.897142857142857,0.1787028088127071,25.08,24.93,24.93,24.61,24.66,25.11,24.96,,,,,,,,,
749,146.0,273.6875,16,"z_0,z_1,z_2,z_3,z_4,z_5,z_6,z_7,z_8,z_9,z_10,z_11,z_12,z_13,z_14,z_15",19.45,25.0,21.416875,1.8098816216468407,20.17,19.76,19.76,19.45,19.85,19.84,19.85,20.25,20.68,21.63,22.32,23.29,23.29,23.29,24.24,25.0
697,245.68749999999997,90.0,16,"z_0,z_1,z_2,z_3,z_4,z_5,z_6,z_7,z_8,z_9,z_10,z_11,z_12,z_13,z_14,z_15",20.94,24.89,22.393125,1.2680532261600854,21.58,21.52,21.47,21.24,20.94,21.29,21.24,21.35,21.77,22.47,23.03,23.29,23.94,23.94,24.33,24.89
575,200.31249999999997,85.125,16,"z_0,z_1,z_2,z_3,z_4,z_5,z_6,z_7,z_8,z_9,z_10,z_11,z_12,z_13,z_14,z_15",19.98,24.84,21.986874999999998,1.547601849435119,21.01,21.25,20.83,20.83,19.98,19.98,20.52,20.94,21.45,22.54,22.73,22.85,23.44,24.3,24.3,24.84
581,436.6875,201.0,16,"z_0,z_1,z_2,z_3,z_4,z_5,z_6,z_7,z_8,z_9,z_10,z_11,z_12,z_13,z_14,z_15",19.47,24.82,21.331874999999997,1.731401956327588,19.8,19.71,19.71,19.71,19.71,19.47,19.93,20.19,20.9,22.2,22.54,22.99,23.05,22.83,23.75,24.82
556,367.6,110.7,10,"z_0,z_1,z_2,z_3,z_4,z_5,z_6,z_7,z_13,z_14",8.59,24.79,17.394000000000002,6.838542534780346,23.8,24.79,22.99,22.99,22.72,20.01,10.62,8.84,,,,,,8.59,8.59,
711,124.0,109.375,16,"z_0,z_1,z_2,z_3,z_4,z_5,z_6,z_7,z_8,z_9,z_10,z_11,z_12,z_13,z_14,z_15",19.85,24.7,21.569375,1.623635845679381,20.55,20.45,20.45,20.25,20.19,19.93,19.85,19.98,21.09,21.45,21.97,22.95,23.75,23.44,24.11,24.7
760,443.8125,167.37499999999997,16,"z_0,z_1,z_2,z_3,z_4,z_5,z_6,z_7,z_8,z_9,z_10,z_11,z_12,z_13,z_14,z_15",20.83,24.57,22.295624999999998,1.521491738188217,20.93,20.9,20.83,20.83,20.83,20.83,20.83,21.04,21.86,23.36,23.81,23.81,24.3,24.0,24.0,24.57
825,45.0625,445.0,16,"z_0,z_1,z_2,z_3,z_4,z_5,z_6,z_7,z_8,z_9,z_10,z_11,z_12,z_13,z_14,z_15",19.91,24.54,21.768749999999997,1.7843902144710384,19.91,19.98,19.98,19.98,19.98,20.25,20.52,20.9,21.12,22.0,23.12,23.75,24.08,24.08,24.11,24.54
696,236.0,124.0,16,"z_0,z_1,z_2,z_3,z_4,z_5,z_6,z_7,z_8,z_9,z_10,z_11,z_12,z_13,z_14,z_15",21.12,24.49,22.4575,1.338719070604434,21.45,21.45,21.12,21.45,21.12,21.45,21.45,21.45,21.45,22.59,22.7,23.75,24.42,24.49,24.49,24.49
519,395.0,320.0,16,"z_0,z_1,z_2,z_3,z_4,z_5,z_6,z_7,z_8,z_9,z_10,z_11,z_12,z_13,z_14,z_15",19.76,24.46,21.459375,1.6505168461348705,19.91,19.91,19.91,20.04,19.79,20.04,19.76,20.26,21.08,22.18,23.01,23.13,23.13,22.99,23.75,24.46
820,144.0,475.1875,16,"z_0,z_1,z_2,z_3,z_4,z_5,z_6,z_7,z_8,z_9,z_10,z_11,z_12,z_13,z_14,z_15",19.98,24.44,21.978125,1.5948911355873163,20.93,19.98,19.98,20.52,21.12,20.52,20.64,21.12,21.12,22.54,22.83,23.75,23.8,23.95,24.44,24.41
543,397.0,133.0,13,"z_0,z_1,z_2,z_3,z_7,z_8,z_9,z_10,z_11,z_12,z_13,z_14,z_15",22.31,24.44,23.083846153846157,0.49996212874328305,24.44,22.75,23.75,22.98,,,,23.1,23.1,23.1,23.1,22.75,22.31,22.75,22.98,22.98
521,501.0,386.0,16,"z_0,z_1,z_2,z_3,z_4,z_5,z_6,z_7,z_8,z_9,z_10,z_11,z_12,z_13,z_14,z_15",20.25,24.42,22.079375,1.5115946412233014,20.39,20.25,20.25,20.65,20.65,20.91,20.91,21.45,21.97,22.67,23.75,23.75,23.75,23.75,23.75,24.42
551,337.0,102.92307692307692,13,"z_0,z_1,z_5,z_6,z_7,z_8,z_9,z_10,z_11,z_12,z_13,z_14,z_15",17.8,24.41,22.078461538461543,1.7699015450837767,21.01,17.8,,,,20.65,20.65,21.28,21.45,22.36,22.72,23.75,23.75,23.44,23.75,24.41
804,343.12500000000006,91.0,16,"z_0,z_1,z_2,z_3,z_4,z_5,z_6,z_7,z_8,z_9,z_10,z_11,z_12,z_13,z_14,z_15",18.63,24.39,20.549374999999998,1.7602857323102403,19.26,19.26,18.63,18.96,19.21,18.96,19.22,19.3,20.04,20.52,21.45,21.45,21.97,22.42,23.75,24.39
747,57.0,101.0,16,"z_0,z_1,z_2,z_3,z_4,z_5,z_6,z_7,z_8,z_9,z_10,z_11,z_12,z_13,z_14,z_15",19.67,24.33,21.173125000000002,1.6315855737211573,19.71,19.71,19.71,19.71,19.67,19.67,19.91,19.93,20.93,21.45,21.45,22.59,22.99,23.57,23.44,24.33
762,348.0,38.8125,16,"z_0,z_1,z_2,z_3,z_4,z_5,z_6,z_7,z_8,z_9,z_10,z_11,z_12,z_13,z_14,z_15",18.78,24.3,20.82375,1.5211750186944304,20.35,19.65,19.79,19.38,18.78,19.56,19.6,19.6,20.24,20.9,21.73,21.77,21.78,22.77,22.98,24.3
510,412.0,209.42857142857142,7,"z_0,z_1,z_9,z_10,z_11,z_12,z_13",22.55,24.3,22.81142857142857,0.6079574367486257,22.59,22.59,,,,,,,,22.55,24.3,22.55,22.55,22.55,,
559,450.0,438.0,16,"z_0,z_1,z_2,z_3,z_4,z_5,z_6,z_7,z_8,z_9,z_10,z_11,z_12,z_13,z_14,z_15",19.4,24.26,21.115,1.5860406678266485,19.98,19.98,19.91,19.4,19.4,19.4,19.79,19.98,21.08,21.45,21.45,22.59,22.59,22.83,23.75,24.26
538,419.0,427.6875,16,"z_0,z_1,z_2,z_3,z_4,z_5,z_6,z_7,z_8,z_9,z_10,z_11,z_12,z_13,z_14,z_15",19.26,24.14,20.74625,1.53969102014008,19.26,19.26,19.67,19.67,19.26,19.74,19.65,19.65,19.98,20.52,20.9,22.37,22.37,22.54,22.96,24.14
664,149.06250000000003,210.0,16,"z_0,z_1,z_2,z_3,z_4,z_5,z_6,z_7,z_8,z_9,z_10,z_11,z_12,z_13,z_14,z_15",20.64,24.01,22.019375,1.0177884649449513,21.45,21.45,21.28,21.05,21.05,20.64,20.64,21.08,22.55,22.59,22.61,22.63,23.29,22.96,23.03,24.01
701,59.0,179.0,16,"z_0,z_1,z_2,z_3,z_4,z_5,z_6,z_7,z_8,z_9,z_10,z_11,z_12,z_13,z_14,z_15",19.91,24.0,21.010625,1.354679245937945,19.98,19.91,19.91,19.93,19.93,19.91,19.91,19.98,20.52,20.52,21.12,22.54,22.54,22.7,22.77,24.0
803,368.0625,307.0,16,"z_0,z_1,z_2,z_3,z_4,z_5,z_6,z_7,z_8,z_9,z_10,z_11,z_12,z_13,z_14,z_15",19.83,23.97,21.596874999999997,1.4572264698306163,20.64,20.24,19.91,19.91,19.83,20.25,20.25,20.9,21.47,22.71,22.87,22.99,22.99,23.18,23.44,23.97
822,197.0,410.37500000000006,16,"z_0,z_1,z_2,z_3,z_4,z_5,z_6,z_7,z_8,z_9,z_10,z_11,z_12,z_13,z_14,z_15",20.64,23.97,22.12375,1.2088417752129506,20.64,20.64,20.64,20.94,20.94,20.94,21.54,21.54,22.56,22.81,23.36,23.58,23.97,23.4,23.4,23.08
653,217.0,256.0,16,"z_0,z_1,z_2,z_3,z_4,z_5,z_6,z_7,z_8,z_9,z_10,z_11,z_12,z_13,z_14,z_15",19.36,23.95,20.984375,1.4448744268534204,20.39,20.1,19.55,19.85,19.84,19.4,19.36,19.4,20.84,20.91,22.02,22.22,22.2,22.76,22.96,23.95
700,141.0,67.0,16,"z_0,z_1,z_2,z_3,z_4,z_5,z_6,z_7,z_8,z_9,z_10,z_11,z_12,z_13,z_14,z_15",19.98,23.95,21.843125,1.5173155520111827,20.84,20.64,20.24,20.24,19.98,20.24,20.64,20.52,22.18,22.22,22.96,23.41,23.81,23.81,23.81,23.95
833,159.125,473.0,16,"z_0,z_1,z_2,z_3,z_4,z_5,z_6,z_7,z_8,z_9,z_10,z_11,z_12,z_13,z_14,z_15",19.71,23.85,21.526875,1.620627651366902,19.91,19.91,19.71,19.71,19.71,20.24,20.39,20.76,21.29,22.23,22.73,22.95,23.8,23.57,23.67,23.85
617,360.12500000000006,357.3125,16,"z_0,z_1,z_2,z_3,z_4,z_5,z_6,z_7,z_8,z_9,z_10,z_11,z_12,z_13,z_14,z_15",18.28,23.84,20.200625000000002,1.7238853962415832,19.15,18.28,18.63,18.28,18.63,18.63,18.63,19.67,19.71,20.64,21.02,21.59,21.86,21.67,22.98,23.84
635,321.0,382.0,16,"z_0,z_1,z_2,z_3,z_4,z_5,z_6,z_7,z_8,z_9,z_10,z_11,z_12,z_13,z_14,z_15",19.1,23.81,21.1075,1.3413309621417078,23.34,23.81,20.64,20.58,19.22,19.22,19.1,20.25,20.25,21.09,21.28,21.45,21.45,21.45,22.59,22.0
901,462.6666666666667,398.6666666666667,3,"z_10,z_11,z_12",22.44,23.8,23.27,0.5943624034767561,,,,,,,,,,,23.8,23.57,22.44,,,
831,237.4375,441.0,16,"z_0,z_1,z_2,z_3,z_4,z_5,z_6,z_7,z_8,z_9,z_10,z_11,z_12,z_13,z_14,z_15",19.71,23.78,21.5375,1.5815913663143206,19.71,19.71,19.91,19.91,19.71,20.39,19.98,20.94,22.15,22.26,22.94,23.29,23.29,22.96,23.67,23.78
501,389.0,333.06250000000006,16,"z_0,z_1,z_2,z_3,z_4,z_5,z_6,z_7,z_8,z_9,z_10,z_11,z_12,z_13,z_14,z_15",18.28,23.75,20.195625,1.7061541868702839,18.63,18.63,18.63,18.28,18.63,18.89,19.01,19.01,19.84,20.25,21.08,22.02,22.02,22.0,22.46,23.75
748,65.0,162.0,16,"z_0,z_1,z_2,z_3,z_4,z_5,z_6,z_7,z_8,z_9,z_10,z_11,z_12,z_13,z_14,z_15",19.65,23.75,20.97875,1.2675462269676796,19.98,19.98,19.65,19.98,19.98,19.85,19.83,19.93,20.86,20.93,21.28,22.02,22.46,22.59,22.59,23.75
753,363.0,252.18750000000003,16,"z_0,z_1,z_2,z_3,z_4,z_5,z_6,z_7,z_8,z_9,z_10,z_11,z_12,z_13,z_14,z_15",19.67,23.75,21.156875,1.4365745662425597,19.71,19.71,19.91,19.98,19.71,19.71,19.67,20.19,21.15,21.79,22.22,22.7,22.63,22.63,23.05,23.75
771,191.0,467.0,16,"z_0,z_1,z_2,z_3,z_4,z_5,z_6,z_7,z_8,z_9,z_10,z_11,z_12,z_13,z_14,z_15",20.91,23.75,22.145000000000003,1.146565523640058,20.91,21.08,21.12,21.0,21.08,21.45,21.45,21.45,21.45,22.18,22.4,23.75,23.75,23.75,23.75,23.75
924,357.0,366.6666666666667,3,"z_11,z_12,z_13",21.97,23.75,22.796666666666667,0.732180912677249,,,,,,,,,,,,22.67,21.97,23.75,,
893,400.0,179.0,2,"z_10,z_11",22.54,23.75,23.145,0.6050000000000004,,,,,,,,,,,23.75,22.54,,,,
937,432.5,208.0,2,"z_12,z_14",23.29,23.75,23.52,0.23000000000000043,,,,,,,,,,,,,23.29,,23.75,
574,405.0,395.0,16,"z_0,z_1,z_2,z_3,z_4,z_5,z_6,z_7,z_8,z_9,z_10,z_11,z_12,z_13,z_14,z_15",19.36,23.58,20.759999999999998,1.5074481748969013,19.96,19.55,19.55,19.55,19.55,19.36,19.39,19.4,19.85,20.52,21.08,22.54,22.55,22.88,22.85,23.58
738,305.0,189.93749999999997,16,"z_0,z_1,z_2,z_3,z_4,z_5,z_6,z_7,z_8,z_9,z_10,z_11,z_12,z_13,z_14,z_15",17.92,23.57,20.331875,1.9128258505088742,18.78,18.78,18.78,18.35,18.35,17.92,19.26,19.26,19.65,20.84,20.9,22.2,22.55,22.55,23.57,23.57
768,235.0,267.0,16,"z_0,z_1,z_2,z_3,z_4,z_5,z_6,z_7,z_8,z_9,z_10,z_11,z_12,z_13,z_14,z_15",19.79,23.53,21.076875,1.0261805320580781,20.91,20.68,20.52,19.8,20.52,20.43,19.93,19.79,20.64,21.09,21.45,21.45,21.45,22.18,22.86,23.53
818,188.0,455.3125,16,"z_0,z_1,z_2,z_3,z_4,z_5,z_6,z_7,z_8,z_9,z_10,z_11,z_12,z_13,z_14,z_15",19.47,23.53,20.65125,1.2597166099960742,19.65,19.47,19.91,19.65,19.47,19.65,19.84,19.84,19.84,20.84,21.01,20.93,21.58,22.75,22.46,23.53
710,14.0,108.31250000000001,16,"z_0,z_1,z_2,z_3,z_4,z_5,z_6,z_7,z_8,z_9,z_10,z_11,z_12,z_13,z_14,z_15",19.71,23.44,21.20125,1.315441347039084,20.39,20.84,19.98,19.98,19.98,19.98,19.71,19.98,20.84,20.93,21.67,22.46,22.61,23.44,22.99,23.44
801,493.87499999999994,196.62499999999997,16,"z_0,z_1,z_2,z_3,z_4,z_5,z_6,z_7,z_8,z_9,z_10,z_11,z_12,z_13,z_14,z_15",18.63,23.44,20.424999999999997,1.6182436466737637,19.93,19.93,19.68,18.63,18.63,18.63,18.63,18.63,19.71,20.93,21.02,21.58,21.86,22.76,23.44,22.81
745,290.0,163.18750000000003,16,"z_0,z_1,z_2,z_3,z_4,z_5,z_6,z_7,z_8,z_9,z_10,z_11,z_12,z_13,z_14,z_15",18.28,23.43,19.903125000000003,1.5922889136004805,18.63,18.63,18.28,18.28,18.64,18.64,18.64,18.89,19.22,19.85,20.9,21.0,21.45,21.79,22.18,23.43
602,363.0625,413.9375,16,"z_0,z_1,z_2,z_3,z_4,z_5,z_6,z_7,z_8,z_9,z_10,z_11,z_12,z_13,z_14,z_15",18.63,23.36,20.73875,1.2717403184219647,20.04,20.62,20.17,19.64,19.26,18.63,19.67,19.74,19.91,21.24,21.78,21.78,21.96,21.58,22.44,23.36
520,434.8125,476.0,16,"z_0,z_1,z_2,z_3,z_4,z_5,z_6,z_7,z_8,z_9,z_10,z_11,z_12,z_13,z_14,z_15",18.28,23.29,20.245624999999997,1.743455508286632,19.91,19.91,18.63,18.28,18.28,18.69,18.69,18.96,19.01,19.79,20.9,21.45,22.18,23.29,23.01,22.95
667,234.5,164.31250000000003,16,"z_0,z_1,z_2,z_3,z_4,z_5,z_6,z_7,z_8,z_9,z_10,z_11,z_12,z_13,z_14,z_15",18.63,23.29,20.675625,1.4693492128745298,19.46,19.8,18.63,19.71,18.63,19.71,19.98,22.94,19.93,19.98,20.84,21.45,21.67,21.67,23.29,23.12
669,46.0,22.0,2,"z_0,z_1",23.29,23.29,23.29,0.0,23.29,23.29,,,,,,,,,,,,,,
744,95.0,134.0,16,"z_0,z_1,z_2,z_3,z_4,z_5,z_6,z_7,z_8,z_9,z_10,z_11,z_12,z_13,z_14,z_15",19.93,23.05,21.004375000000003,1.0793456857629067,20.35,20.35,20.35,19.93,20.01,20.01,20.1,20.14,20.25,20.9,21.45,21.45,22.59,22.37,22.77,23.05
605,381.0,381.0,15,"z_0,z_1,z_2,z_3,z_4,z_5,z_6,z_7,z_8,z_9,z_10,z_11,z_12,z_14,z_15",19.26,23.05,20.575333333333333,1.2565660437168522,19.65,19.65,19.26,19.4,19.31,19.4,19.4,20.62,20.62,20.62,21.08,21.97,21.97,,22.63,23.05
642,84.0,55.125,16,"z_0,z_1,z_2,z_3,z_4,z_5,z_6,z_7,z_8,z_9,z_10,z_11,z_12,z_13,z_14,z_15",17.28,22.96,19.37625,1.7966666183518856,19.81,17.83,17.31,17.28,18.96,18.32,18.15,17.92,17.92,18.35,19.39,20.62,21.12,21.45,22.63,22.96
806,352.4375,24.1875,16,"z_0,z_1,z_2,z_3,z_4,z_5,z_6,z_7,z_8,z_9,z_10,z_11,z_12,z_13,z_14,z_15",18.63,22.95,20.36875,1.3722056833798644,20.83,20.83,18.63,18.63,18.63,18.63,19.15,19.35,19.93,20.64,20.9,21.12,22.26,21.45,21.97,22.95
751,49.0,32.0,16,"z_0,z_1,z_2,z_3,z_4,z_5,z_6,z_7,z_8,z_9,z_10,z_11,z_12,z_13,z_14,z_15",18.32,22.88,20.036250000000003,1.3002253410466968,19.84,19.65,19.26,19.26,19.26,19.26,18.32,18.75,18.85,19.65,19.67,20.84,21.09,21.45,22.55,22.88
742,17.375,139.125,16,"z_0,z_1,z_2,z_3,z_4,z_5,z_6,z_7,z_8,z_9,z_10,z_11,z_12,z_13,z_14,z_15",18.63,22.75,19.908749999999998,1.3938340781814746,19.71,18.63,18.63,18.63,18.63,18.63,18.63,18.63,19.71,19.98,19.98,20.64,21.37,21.77,22.22,22.75
542,486.0625,170.125,16,"z_0,z_1,z_2,z_3,z_4,z_5,z_6,z_7,z_8,z_9,z_10,z_11,z_12,z_13,z_14,z_15",17.8,22.72,19.3575,1.4739381771295563,18.28,18.19,18.19,18.19,17.8,17.8,18.79,18.85,18.85,18.98,19.79,20.6,21.35,21.94,22.72,19.4
612,416.9375,477.0625,16,"z_0,z_1,z_2,z_3,z_4,z_5,z_6,z_7,z_8,z_9,z_10,z_11,z_12,z_13,z_14,z_15",18.63,22.72,20.321875,1.1508324093346516,19.81,18.63,19.71,19.65,19.26,19.26,19.01,19.4,19.85,20.6,21.45,21.45,21.45,21.45,21.45,22.72
644,265.0,299.9375,16,"z_0,z_1,z_2,z_3,z_4,z_5,z_6,z_7,z_8,z_9,z_10,z_11,z_12,z_13,z_14,z_15",19.26,22.67,20.81125,1.2205422719021248,19.6,19.4,19.26,19.79,19.67,19.93,19.93,19.93,20.45,21.52,22.07,22.07,22.23,22.23,22.23,22.67
724,116.0,165.31250000000003,16,"z_0,z_1,z_2,z_3,z_4,z_5,z_6,z_7,z_8,z_9,z_10,z_11,z_12,z_13,z_14,z_15",19.59,22.63,20.7325,0.9970738438049611,20.45,20.64,19.91,19.93,19.98,19.59,19.83,19.83,19.98,20.35,20.9,21.09,22.15,22.1,22.36,22.63
807,322.12500000000006,167.50000000000003,16,"z_0,z_1,z_2,z_3,z_4,z_5,z_6,z_7,z_8,z_9,z_10,z_11,z_12,z_13,z_14,z_15",17.8,22.63,19.5125,1.5196730733944057,18.85,18.63,17.8,18.06,17.8,17.8,18.28,18.28,19.65,19.71,19.98,20.83,21.02,21.02,21.86,22.63
786,432.0,10.0,13,"z_0,z_1,z_2,z_3,z_4,z_5,z_9,z_10,z_11,z_12,z_13,z_14,z_15",19.26,22.61,20.48846153846154,1.1796795272370577,19.26,19.26,19.26,19.4,19.4,19.4,,,,20.52,21.0,21.12,21.45,21.45,22.22,22.61
736,199.74999999999997,148.0,16,"z_0,z_1,z_2,z_3,z_4,z_5,z_6,z_7,z_8,z_9,z_10,z_11,z_12,z_13,z_14,z_15",18.28,22.55,20.0425,1.4755486267825948,20.52,18.63,18.63,18.63,18.63,18.63,18.28,19.4,19.65,19.65,19.98,21.09,21.89,22.55,21.97,22.55
798,336.0,286.37500000000006,16,"z_0,z_1,z_2,z_3,z_4,z_5,z_6,z_7,z_8,z_9,z_10,z_11,z_12,z_13,z_14,z_15",18.22,22.55,19.84125,1.4795095259916375,19.4,19.01,18.22,18.22,18.22,18.28,18.63,19.21,19.21,19.55,20.52,20.9,21.28,22.13,22.13,22.55
960,209.0,112.0,1,z_3,22.55,22.55,22.55,0.0,,,,22.55,,,,,,,,,,,,
649,125.0,81.28571428571428,14,"z_0,z_1,z_2,z_3,z_6,z_7,z_8,z_9,z_10,z_11,z_12,z_13,z_14,z_15",19.47,22.54,20.685714285714287,1.243317648676397,22.54,22.32,22.54,22.54,,,19.47,19.47,19.47,19.47,20.83,19.91,19.91,20.83,20.83,19.47
591,355.50000000000006,122.875,8,"z_0,z_2,z_3,z_5,z_6,z_7,z_12,z_13",8.84,22.54,13.94125,5.804249386225578,18.63,,22.54,22.54,,9.6,8.84,8.84,,,,,9.32,11.22,,
909,441.0,317.625,8,"z_7,z_8,z_9,z_10,z_11,z_12,z_13,z_14",19.65,22.54,20.9625,1.0303245847789912,,,,,,,,22.54,22.54,20.83,20.83,20.83,20.83,19.65,19.65,
674,148.0,35.0,4,"z_0,z_1,z_2,z_4",22.2,22.54,22.284999999999997,0.1472243186433545,22.2,22.2,22.2,,22.54,,,,,,,,,,,
577,105.0,201.6875,16,"z_0,z_1,z_2,z_3,z_4,z_5,z_6,z_7,z_8,z_9,z_10,z_11,z_12,z_13,z_14,z_15",18.15,22.52,19.98,1.1415012045547737,18.15,19.79,19.39,19.39,19.35,19.35,19.21,19.21,19.21,19.5,19.85,20.35,21.08,21.18,22.15,22.52
877,486.0,117.19999999999999,15,"z_1,z_2,z_3,z_4,z_5,z_6,z_7,z_8,z_9,z_10,z_11,z_12,z_13,z_14,z_15",17.57,22.47,19.658,1.5439827287462335,,17.8,17.8,18.22,17.94,17.57,19.33,19.22,19.56,19.79,20.32,20.55,20.9,21.45,21.95,22.47
527,323.375,458.37500000000006,16,"z_0,z_1,z_2,z_3,z_4,z_5,z_6,z_7,z_8,z_9,z_10,z_11,z_12,z_13,z_14,z_15",18.22,22.44,19.65625,1.2092191437039033,19.65,19.65,18.63,18.63,18.63,18.22,18.22,18.63,18.63,19.91,19.91,20.24,20.93,20.93,21.25,22.44
552,451.375,67.125,16,"z_0,z_1,z_2,z_3,z_4,z_5,z_6,z_7,z_8,z_9,z_10,z_11,z_12,z_13,z_14,z_15",15.87,22.44,20.324375,1.727990048980318,20.93,21.78,19.71,19.71,18.63,19.71,15.87,18.63,18.63,20.39,21.25,21.25,22.44,21.96,21.86,22.44
805,323.375,156.0,16,"z_0,z_1,z_2,z_3,z_4,z_5,z_6,z_7,z_8,z_9,z_10,z_11,z_12,z_13,z_14,z_15",18.63,22.44,20.101875,1.3052309122814247,19.67,19.4,19.01,19.15,18.63,18.63,18.63,18.63,19.91,19.98,21.01,21.58,21.52,21.58,21.86,22.44
537,390.0,69.57142857142857,7,"z_0,z_1,z_2,z_3,z_4,z_7,z_12",21.25,22.44,21.708571428571428,0.37574415959451435,21.86,22.44,21.86,21.25,21.75,,,21.35,,,,,21.45,,,
856,287.0,255.43749999999994,16,"z_0,z_1,z_2,z_3,z_4,z_5,z_6,z_7,z_8,z_9,z_10,z_11,z_12,z_13,z_14,z_15",19.21,22.26,20.205,0.8731838294425758,19.65,19.65,19.65,19.4,19.47,19.21,19.4,19.4,19.65,20.64,20.83,20.83,21.04,21.1,21.1,22.26
511,288.0625,470.0,16,"z_0,z_1,z_2,z_3,z_4,z_5,z_6,z_7,z_8,z_9,z_10,z_11,z_12,z_13,z_14,z_15",18.15,22.18,19.74,1.3720650494783402,19.01,19.35,19.15,18.15,18.15,18.15,18.15,19.05,18.87,19.79,20.04,21.45,21.45,21.45,21.45,22.18
830,269.0,368.0,16,"z_0,z_1,z_2,z_3,z_4,z_5,z_6,z_7,z_8,z_9,z_10,z_11,z_12,z_13,z_14,z_15",18.15,22.18,19.60125,1.311282173103867,19.21,18.27,19.55,18.15,18.15,18.35,18.47,18.81,18.81,18.78,20.64,20.64,21.08,21.08,21.45,22.18
557,435.0,216.0,16,"z_0,z_1,z_2,z_3,z_4,z_5,z_6,z_7,z_8,z_9,z_10,z_11,z_12,z_13,z_14,z_15",15.53,22.15,17.234375,1.4793747359526592,17.15,16.8,16.8,16.59,15.87,16.3,15.87,16.83,15.53,17.0,17.28,17.31,18.28,17.8,18.19,22.15
808,186.0,338.0,16,"z_0,z_1,z_2,z_3,z_4,z_5,z_6,z_7,z_8,z_9,z_10,z_11,z_12,z_13,z_14,z_15",16.87,21.89,19.061875,1.6392270234397064,17.71,18.11,17.31,16.87,16.87,17.92,17.92,18.15,18.87,19.25,20.17,21.0,21.0,21.05,20.9,21.89
588,433.1428571428571,159.7142857142857,7,"z_0,z_1,z_2,z_3,z_9,z_10,z_15",18.63,21.86,19.427142857142854,1.0564186708702499,19.33,18.98,18.85,18.63,,,,,,18.63,19.71,,,,,21.86
723,6.0,95.0,3,"z_0,z_1,z_3",21.77,21.86,21.816666666666663,0.036817870057290834,21.77,21.86,,21.82,,,,,,,,,,,,
732,238.87500000000003,231.625,16,"z_0,z_1,z_2,z_3,z_4,z_5,z_6,z_7,z_8,z_9,z_10,z_11,z_12,z_13,z_14,z_15",18.63,21.82,19.510624999999997,1.0873733762489315,18.63,18.63,18.63,18.63,18.63,18.63,18.63,18.63,18.63,19.98,19.98,19.98,20.83,20.83,21.08,21.82
773,208.0,480.0,3,"z_0,z_1,z_2",19.76,21.75,20.423333333333336,0.9380949963741523,21.75,19.76,19.76,,,,,,,,,,,,,
621,487.62499999999994,394.0,16,"z_0,z_1,z_2,z_3,z_4,z_5,z_6,z_7,z_8,z_9,z_10,z_11,z_12,z_13,z_14,z_15",18.41,21.73,19.848750000000003,1.1736102153185275,19.26,19.26,19.26,19.21,18.41,18.63,18.63,18.63,18.63,20.19,20.84,21.12,21.12,20.93,21.73,21.73
531,494.0,20.0,2,"z_0,z_2",21.73,21.73,21.73,0.0,21.73,,21.73,,,,,,,,,,,,,
564,433.0,69.0,3,"z_0,z_1,z_2",20.52,21.68,21.293333333333333,0.5468292441175968,21.68,21.68,20.52,,,,,,,,,,,,,
676,285.0,119.0,1,z_0,21.64,21.64,21.64,0.0,21.64,,,,,,,,,,,,,,,
781,341.1428571428571,81.28571428571429,7,"z_0,z_1,z_2,z_3,z_4,z_5,z_6",18.1,21.58,20.24285714285714,1.141223832880602,21.09,21.09,21.58,20.65,19.98,19.21,18.1,,,,,,,,,
618,498.0,431.9375,16,"z_0,z_1,z_2,z_3,z_4,z_5,z_6,z_7,z_8,z_9,z_10,z_11,z_12,z_13,z_14,z_15",15.87,21.52,17.828125,1.5851191546300236,17.92,17.92,17.92,16.87,15.87,15.87,15.87,15.87,17.0,17.15,18.15,19.4,19.4,19.26,19.26,21.52
513,429.9375,424.0,16,"z_0,z_1,z_2,z_3,z_4,z_5,z_6,z_7,z_8,z_9,z_10,z_11,z_12,z_13,z_14,z_15",17.31,21.45,18.74375,1.370423634318965,18.28,17.8,17.8,17.31,17.31,17.31,17.31,17.31,18.78,19.26,19.26,19.31,20.04,20.25,21.12,21.45
545,443.5,138.0,16,"z_0,z_1,z_2,z_3,z_4,z_5,z_6,z_7,z_8,z_9,z_10,z_11,z_12,z_13,z_14,z_15",17.31,21.45,18.920625,1.1420456905811607,18.32,17.97,18.78,18.45,17.31,17.31,17.8,18.69,18.06,19.4,19.4,19.4,19.98,19.65,20.76,21.45
727,68.0,93.875,16,"z_0,z_1,z_2,z_3,z_4,z_5,z_6,z_7,z_8,z_9,z_10,z_11,z_12,z_13,z_14,z_15",17.15,21.45,18.763125,1.325885170131637,18.05,18.02,17.92,17.15,17.15,17.31,17.28,18.15,18.63,18.78,19.65,19.65,19.98,20.52,20.52,21.45
740,211.0,61.375,16,"z_0,z_1,z_2,z_3,z_4,z_5,z_6,z_7,z_8,z_9,z_10,z_11,z_12,z_13,z_14,z_15",17.8,21.45,19.233125,1.3517568140664207,18.41,18.15,18.15,18.28,17.8,17.8,17.8,18.47,18.96,19.01,19.26,20.62,21.0,21.12,21.45,21.45
746,77.0,123.1875,16,"z_0,z_1,z_2,z_3,z_4,z_5,z_6,z_7,z_8,z_9,z_10,z_11,z_12,z_13,z_14,z_15",17.8,21.45,19.286875000000002,1.427141893567349,19.21,18.28,17.8,17.8,18.02,17.8,18.02,18.28,18.78,18.78,19.39,21.0,21.08,21.45,21.45,21.45
799,365.25,129.31250000000003,16,"z_0,z_1,z_2,z_3,z_4,z_5,z_6,z_7,z_8,z_9,z_10,z_11,z_12,z_13,z_14,z_15",18.22,21.45,19.340625,1.0088698426333302,18.63,18.63,18.63,18.63,18.63,18.41,18.41,18.22,18.63,19.65,19.98,19.98,19.93,20.52,21.12,21.45
814,280.0,370.0,16,"z_0,z_1,z_2,z_3,z_4,z_5,z_6,z_7,z_8,z_9,z_10,z_11,z_12,z_13,z_14,z_15",18.96,21.45,19.89375,0.9153064718988929,19.65,19.26,18.96,19.21,19.01,19.26,18.96,19.26,19.26,19.55,19.98,20.91,21.08,21.45,21.05,21.45
695,296.0,55.0,5,"z_0,z_1,z_2,z_3,z_4",20.65,21.45,20.97,0.39191835884530885,21.45,20.65,20.65,21.45,20.65,,,,,,,,,,,
938,274.0,376.6666666666667,3,"z_12,z_13,z_14",19.65,21.45,20.3,0.8154753215150045,,,,,,,,,,,,,19.65,19.8,21.45,
777,404.87499999999994,189.25000000000003,16,"z_0,z_1,z_2,z_3,z_4,z_5,z_6,z_7,z_8,z_9,z_10,z_11,z_12,z_13,z_14,z_15",18.28,21.28,19.646250000000002,0.9944211570054206,19.76,19.76,18.63,18.63,18.63,18.28,18.28,19.26,19.26,19.26,20.25,20.25,20.65,21.08,21.08,21.28
918,109.2727272727273,477.45454545454544,11,"z_3,z_5,z_6,z_7,z_9,z_10,z_11,z_12,z_13,z_14,z_15",17.31,21.25,19.286363636363635,1.3720208898971074,,,,17.31,,17.31,17.8,17.96,,19.26,20.1,20.1,20.65,19.89,20.52,21.25
572,149.0,169.18750000000003,16,"z_0,z_1,z_2,z_3,z_4,z_5,z_6,z_7,z_8,z_9,z_10,z_11,z_12,z_13,z_14,z_15",17.07,21.12,18.765625,1.4237844321999733,18.69,18.06,17.8,17.71,17.28,17.07,17.07,17.07,18.35,18.78,18.89,20.62,20.62,20.52,20.6,21.12
523,335.0,357.25,16,"z_0,z_1,z_2,z_3,z_4,z_5,z_6,z_7,z_8,z_9,z_10,z_11,z_12,z_13,z_14,z_15",16.8,21.08,18.572499999999998,1.6039229252055724,18.22,17.15,16.8,17.07,17.07,17.15,17.15,17.31,17.31,19.26,19.4,19.65,20.84,20.84,21.08,20.86
691,74.07142857142857,155.57142857142856,14,"z_0,z_1,z_2,z_3,z_4,z_5,z_6,z_8,z_9,z_10,z_11,z_12,z_13,z_15",16.8,21.07,18.986428571428572,1.4506974044175005,18.78,18.35,18.35,17.92,17.15,17.81,16.8,,18.28,18.63,19.55,21.04,21.07,21.04,,21.04
632,443.0,368.0,2,"z_0,z_1",20.62,21.04,20.83,0.20999999999999908,20.62,21.04,,,,,,,,,,,,,,
522,375.375,471.375,16,"z_0,z_1,z_2,z_3,z_4,z_5,z_6,z_7,z_8,z_9,z_10,z_11,z_12,z_13,z_14,z_15",16.34,20.83,17.825,1.3664141026789793,17.15,17.31,17.15,16.63,16.5,16.36,16.36,16.34,17.68,17.68,18.17,18.63,18.63,19.89,19.89,20.83
650,59.0,34.0,6,"z_0,z_1,z_2,z_3,z_4,z_5",18.75,20.83,19.46,0.7829431652425348,18.75,18.75,18.75,19.84,19.84,20.83,,,,,,,,,,
554,237.0,91.3125,16,"z_0,z_1,z_2,z_3,z_4,z_5,z_6,z_7,z_8,z_9,z_10,z_11,z_12,z_13,z_14,z_15",17.8,20.65,18.432499999999997,0.9706924075112565,19.89,19.89,20.65,19.89,18.05,18.05,18.05,18.05,17.8,17.8,17.8,17.8,17.8,17.8,17.8,17.8
680,111.0,272.5625,16,"z_0,z_1,z_2,z_3,z_4,z_5,z_6,z_7,z_8,z_9,z_10,z_11,z_12,z_13,z_14,z_15",17.15,20.64,18.965000000000003,1.4843517103436104,17.92,18.78,17.92,17.15,17.15,17.15,17.15,17.15,19.85,20.25,20.25,20.52,20.64,20.52,20.52,20.52
867,146.67999999999998,298.71999999999997,25,"z_0,z_1,z_2,z_3,z_4,z_5,z_6,z_7,z_8,z_9,z_10,z_11,z_12,z_13,z_14,z_15",9.32,20.6,14.973199999999999,4.6484730568219925,18.89,18.81,18.81,18.02,15.985,14.805,15.315,15.195,14.485,14.485,14.96,9.32,9.32,9.32,15.345,15.345
656,251.1333333333333,22.466666666666665,15,"z_0,z_1,z_2,z_3,z_4,z_5,z_6,z_7,z_8,z_9,z_10,z_11,z_12,z_13,z_14",18.63,20.52,19.51266666666667,0.5460459891091793,20.52,20.52,19.93,19.93,19.65,19.65,19.71,18.63,19.47,18.63,19.21,19.21,19.21,19.21,19.21,
685,306.0,67.69999999999999,10,"z_0,z_1,z_2,z_3,z_4,z_5,z_6,z_12,z_13,z_14",10.02,20.52,12.726,3.0934744220697863,14.73,13.6,13.34,13.34,20.52,11.22,10.45,,,,,,10.02,10.02,10.02,
623,427.0,364.0,2,"z_0,z_1",19.65,20.52,20.085,0.4350000000000005,19.65,20.52,,,,,,,,,,,,,,
571,489.875,186.25000000000003,16,"z_0,z_1,z_2,z_3,z_4,z_5,z_6,z_7,z_8,z_9,z_10,z_11,z_12,z_13,z_14,z_15",15.77,20.43,17.596875000000004,1.2405277039933456,17.86,18.1,17.68,17.41,17.13,15.77,15.77,16.36,16.36,16.36,17.92,17.92,18.85,18.85,18.78,20.43
570,116.0,362.37500000000006,16,"z_0,z_1,z_2,z_3,z_4,z_5,z_6,z_7,z_8,z_9,z_10,z_11,z_12,z_13,z_14,z_15",16.47,20.19,17.92375,1.2303448449520158,17.31,17.8,17.53,16.8,16.8,16.8,16.47,16.47,17.29,17.71,18.27,18.63,18.63,20.19,20.04,20.04
631,399.0,410.0,16,"z_0,z_1,z_2,z_3,z_4,z_5,z_6,z_7,z_8,z_9,z_10,z_11,z_12,z_13,z_14,z_15",15.87,20.14,17.300625,1.456075499201536,16.83,16.83,16.97,15.87,15.87,15.87,15.87,15.87,15.87,16.97,18.15,18.35,18.48,18.89,19.98,20.14
728,114.37500000000001,78.0,16,"z_0,z_1,z_2,z_3,z_4,z_5,z_6,z_7,z_8,z_9,z_10,z_11,z_12,z_13,z_14,z_15",16.8,19.98,18.3275,1.1104925708891524,18.1,18.02,18.02,17.28,17.31,16.8,17.24,17.26,17.53,17.8,18.64,19.65,19.65,19.98,19.98,19.98
524,472.0,449.0,16,"z_0,z_1,z_2,z_3,z_4,z_5,z_6,z_7,z_8,z_9,z_10,z_11,z_12,z_13,z_14,z_15",16.8,19.91,17.844375,1.0589202563814712,16.8,16.8,17.15,16.8,16.8,17.0,17.07,17.07,17.71,17.92,17.92,18.78,19.26,19.26,19.26,19.91
668,139.0,100.125,16,"z_0,z_1,z_2,z_3,z_4,z_5,z_6,z_7,z_8,z_9,z_10,z_11,z_12,z_13,z_14,z_15",16.8,19.91,18.266250000000003,1.1298886836764057,18.19,17.94,16.8,16.8,17.07,16.8,17.71,17.71,18.02,18.35,17.92,19.76,19.76,19.76,19.76,19.91
794,347.43750000000006,14.0,16,"z_0,z_1,z_2,z_3,z_4,z_5,z_6,z_7,z_8,z_9,z_10,z_11,z_12,z_13,z_14,z_15",16.8,19.91,18.235,1.0815902643792612,18.28,17.8,17.92,17.15,16.8,16.8,16.8,17.31,18.15,18.27,18.63,18.63,19.71,19.71,19.89,19.91
675,166.0,20.5,16,"z_0,z_1,z_2,z_3,z_4,z_5,z_6,z_7,z_8,z_9,z_10,z_11,z_12,z_13,z_14,z_15",15.14,19.9,16.999375,1.4209216584227997,18.48,16.87,16.75,15.56,15.38,15.23,15.23,15.14,15.84,17.31,17.96,18.15,17.92,18.35,17.92,19.9
878,398.0,115.4,5,"z_1,z_2,z_3,z_4,z_5",18.63,19.89,19.594,0.48305693246241693,,19.83,19.79,19.83,19.89,18.63,,,,,,,,,,
658,112.0,209.0,16,"z_0,z_1,z_2,z_3,z_4,z_5,z_6,z_7,z_8,z_9,z_10,z_11,z_12,z_13,z_14,z_15",15.87,19.83,17.651874999999997,1.1824985134768669,18.05,17.81,17.31,17.07,15.87,16.59,16.59,16.59,16.59,16.8,17.07,18.63,19.21,19.21,19.21,19.83
849,31.0,336.5,2,"z_0,z_1",19.33,19.79,19.56,0.23000000000000043,19.79,19.33,,,,,,,,,,,,,,
734,33.0,301.12500000000006,16,"z_0,z_1,z_2,z_3,z_4,z_5,z_6,z_7,z_8,z_9,z_10,z_11,z_12,z_13,z_14,z_15",15.87,19.76,17.823125,1.1746899524448997,16.8,16.8,16.8,15.87,15.87,17.31,17.31,17.71,18.02,18.28,19.36,19.39,18.63,19.76,18.63,18.63
811,156.0,485.0,16,"z_0,z_1,z_2,z_3,z_4,z_5,z_6,z_7,z_8,z_9,z_10,z_11,z_12,z_13,z_14,z_15",15.87,19.76,17.523125,1.3786348263318322,16.36,16.3,16.47,16.47,16.75,16.75,15.87,16.87,16.87,16.87,17.31,18.87,19.33,19.76,19.76,19.76
850,136.0,451.0,16,"z_0,z_1,z_2,z_3,z_4,z_5,z_6,z_7,z_8,z_9,z_10,z_11,z_12,z_13,z_14,z_15",15.38,19.76,17.00125,1.5555862038151405,16.8,16.59,16.59,15.39,15.39,15.38,15.57,15.57,15.87,15.87,17.31,18.48,18.87,19.29,19.29,19.76
633,332.0,462.0,5,"z_0,z_1,z_2,z_10,z_11",15.87,19.76,18.086000000000002,1.290714530792925,18.81,18.19,19.76,,,,,,,,17.8,15.87,,,,
622,248.0,336.0,1,z_0,19.76,19.76,19.76,0.0,19.76,,,,,,,,,,,,,,,
641,291.0,5.0,8,"z_0,z_1,z_2,z_3,z_4,z_5,z_6,z_7",18.78,19.67,19.3475,0.3865472157447255,19.65,19.65,19.65,18.78,19.59,19.01,19.67,18.78,,,,,,,,
565,225.4375,227.31250000000003,16,"z_0,z_1,z_2,z_3,z_4,z_5,z_6,z_7,z_8,z_9,z_10,z_11,z_12,z_13,z_14,z_15",15.87,19.65,18.115,1.1438258171592384,15.87,15.87,17.94,18.02,19.21,18.02,16.8,17.71,18.17,18.22,17.8,19.65,19.65,19.65,18.63,18.63
662,49.0,154.0,16,"z_0,z_1,z_2,z_3,z_4,z_5,z_6,z_7,z_8,z_9,z_10,z_11,z_12,z_13,z_14,z_15",16.8,19.65,17.879375,1.1715559565701494,17.92,16.87,16.87,16.87,16.87,16.87,16.87,16.8,17.16,17.24,18.1,19.21,19.65,19.65,19.47,19.65
846,120.0,389.62499999999994,16,"z_0,z_1,z_2,z_3,z_4,z_5,z_6,z_7,z_8,z_9,z_10,z_11,z_12,z_13,z_14,z_15",16.59,19.65,17.505625000000002,0.9100272574901258,17.71,17.07,17.0,16.97,16.8,16.59,16.8,16.8,16.8,17.24,17.24,17.31,18.15,18.75,19.21,19.65
666,212.0,81.18749999999999,16,"z_0,z_1,z_2,z_3,z_4,z_5,z_6,z_7,z_8,z_9,z_10,z_11,z_12,z_13,z_14,z_15",16.36,19.4,18.1175,0.9204516554387848,18.75,18.22,18.64,17.97,17.95,17.92,16.36,16.87,16.8,17.15,17.92,18.35,18.78,19.4,19.4,19.4
973,97.0,271.0,1,z_6,19.33,19.33,19.33,0.0,,,,,,,19.33,,,,,,,,,
560,379.0,267.87499999999994,16,"z_0,z_1,z_2,z_3,z_4,z_5,z_6,z_7,z_8,z_9,z_10,z_11,z_12,z_13,z_14,z_15",16.5,19.21,17.3575,0.8399962797536668,17.15,17.15,17.15,16.8,16.59,16.59,16.59,16.5,16.6,16.8,17.28,18.02,18.28,18.28,18.73,19.21
863,59.125,431.0,16,"z_0,z_1,z_2,z_3,z_4,z_5,z_6,z_7,z_8,z_9,z_10,z_11,z_12,z_13,z_14,z_15",16.34,19.21,17.329375,1.012407210254352,17.15,17.92,16.6,16.6,16.6,16.34,16.34,16.34,16.36,16.63,17.26,17.86,18.04,19.21,18.81,19.21
892,405.55555555555554,470.0,9,"z_7,z_8,z_9,z_10,z_11,z_12,z_13,z_14,z_15",16.3,19.21,17.702222222222222,1.0582981913092337,,,,,,,,16.3,16.34,16.63,17.56,18.22,18.22,19.21,19.21,17.63
677,47.85714285714286,176.0,7,"z_0,z_1,z_2,z_3,z_4,z_5,z_6",16.8,19.21,18.02142857142857,0.9207672045082619,19.21,18.87,18.87,16.8,17.8,17.8,16.8,,,,,,,,,
868,164.0,367.0,16,"z_0,z_1,z_2,z_3,z_4,z_5,z_6,z_7,z_8,z_9,z_10,z_11,z_12,z_13,z_14,z_15",15.87,18.89,17.668750000000003,0.8619953233631843,16.8,16.59,16.59,15.87,16.59,17.92,17.92,17.92,17.92,17.92,17.92,18.5,18.35,18.89,18.5,18.5
594,358.0,502.0,2,"z_0,z_1",18.63,18.89,18.759999999999998,0.13000000000000078,18.89,18.63,,,,,,,,,,,,,,
610,439.0,459.0,16,"z_0,z_1,z_2,z_3,z_4,z_5,z_6,z_7,z_8,z_9,z_10,z_11,z_12,z_13,z_14,z_15",16.3,18.78,17.3675,0.9427320669203952,17.31,17.19,16.36,16.34,16.3,16.3,16.47,16.83,16.87,17.31,17.31,18.32,18.78,18.78,18.78,18.63
730,199.0,129.50000000000003,16,"z_0,z_1,z_2,z_3,z_4,z_5,z_6,z_7,z_8,z_9,z_10,z_11,z_12,z_13,z_14,z_15",16.34,18.78,17.3875,0.8935498027530422,18.78,18.35,17.98,16.59,16.55,16.5,16.34,16.36,16.36,16.5,17.0,17.92,18.02,18.27,18.41,18.27
518,388.0,389.0,16,"z_0,z_1,z_2,z_3,z_4,z_5,z_6,z_7,z_8,z_9,z_10,z_11,z_12,z_13,z_14,z_15",15.53,18.63,16.988125,0.8575926972491079,16.83,16.87,16.87,16.59,15.87,16.5,16.5,15.87,15.53,16.97,17.07,17.71,17.71,18.27,18.02,18.63
733,265.0,121.0,16,"z_0,z_1,z_2,z_3,z_4,z_5,z_6,z_7,z_8,z_9,z_10,z_11,z_12,z_13,z_14,z_15",16.87,18.63,17.5125,0.5776947723495518,17.31,17.15,17.15,17.15,17.07,17.15,17.15,17.15,16.87,17.15,17.15,18.15,18.41,18.63,18.28,18.28
860,217.43749999999997,399.6875,16,"z_0,z_1,z_2,z_3,z_4,z_5,z_6,z_7,z_8,z_9,z_10,z_11,z_12,z_13,z_14,z_15",14.37,18.63,15.719375,1.3721491753359036,15.02,15.02,14.37,14.37,14.37,15.02,15.02,15.02,15.02,15.02,15.02,16.68,17.41,17.47,18.05,18.63
780,472.46153846153845,75.15384615384616,13,"z_0,z_1,z_2,z_3,z_4,z_5,z_6,z_10,z_11,z_12,z_13,z_14,z_15",14.21,18.63,16.722307692307695,1.166883778051306,18.63,17.21,17.8,17.21,16.3,17.21,17.31,,,,14.21,15.02,15.38,16.55,17.28,17.28
842,308.0833333333333,352.41666666666663,12,"z_0,z_1,z_2,z_3,z_8,z_9,z_10,z_11,z_12,z_13,z_14,z_15",15.57,18.63,17.3375,1.1959454070594804,15.87,15.87,15.57,15.57,,,,,17.68,17.68,17.68,18.02,18.63,18.63,18.22,18.63
910,501.0,189.0,10,"z_6,z_7,z_8,z_9,z_10,z_11,z_12,z_13,z_14,z_15",16.34,18.63,17.625999999999998,0.9744146961124914,,,,,,,16.34,16.34,16.34,17.0,17.86,17.86,18.63,18.63,18.63,18.63
533,492.0,47.0,3,"z_0,z_1,z_2",17.8,18.63,18.353333333333335,0.39126575225655547,17.8,18.63,18.63,,,,,,,,,,,,,
793,316.0,467.0,16,"z_0,z_1,z_2,z_3,z_4,z_5,z_6,z_7,z_8,z_9,z_10,z_11,z_12,z_13,z_14,z_15",15.32,18.27,16.415,0.8773326051162122,16.8,16.56,16.3,16.59,15.32,15.57,15.38,15.38,15.57,15.87,15.87,17.15,17.15,17.15,17.71,18.27
657,124.0,207.5,16,"z_0,z_1,z_2,z_3,z_4,z_5,z_6,z_7,z_8,z_9,z_10,z_11,z_12,z_13,z_14,z_15",14.37,18.1,16.179375,1.1783912166063533,15.87,15.87,15.87,16.8,16.34,14.37,14.37,15.02,15.02,15.02,16.5,16.8,17.26,17.56,18.1,18.1
600,156.0,86.0,4,"z_0,z_1,z_2,z_3",16.97,17.96,17.47,0.38749193539995225,17.96,17.71,17.24,16.97,,,,,,,,,,,,
792,376.0625,55.43749999999999,16,"z_0,z_1,z_2,z_3,z_4,z_5,z_6,z_7,z_8,z_9,z_10,z_11,z_12,z_13,z_14,z_15",12.39,17.92,14.2775,1.3755703362605638,15.57,15.02,14.27,14.37,13.6,12.39,13.34,13.75,12.77,12.59,12.77,15.02,15.02,15.02,15.02,17.92
852,274.0,385.0,16,"z_0,z_1,z_2,z_3,z_4,z_5,z_6,z_7,z_8,z_9,z_10,z_11,z_12,z_13,z_14,z_15",14.73,17.92,15.656875,1.0707399237793462,15.87,15.57,14.73,14.73,14.73,14.73,14.73,14.73,14.73,15.32,15.32,16.36,16.36,16.97,17.71,17.92
841,47.0,393.2,5,"z_0,z_1,z_2,z_3,z_4",15.56,17.92,16.418,0.8714447773668744,17.92,15.87,16.87,15.87,15.56,,,,,,,,,,,
637,442.0,385.6666666666667,3,"z_0,z_1,z_2",17.87,17.87,17.87,0.0,17.87,17.87,17.87,,,,,,,,,,,,,
648,127.0,121.0,2,"z_0,z_1",17.8,17.86,17.83,0.02999999999999936,17.86,17.8,,,,,,,,,,,,,,
562,474.0,22.0,1,z_0,17.83,17.83,17.83,0.0,17.83,,,,,,,,,,,,,,,
608,475.375,322.0,16,"z_0,z_1,z_2,z_3,z_4,z_5,z_6,z_7,z_8,z_9,z_10,z_11,z_12,z_13,z_14,z_15",14.27,17.68,15.504999999999999,0.8735201772140126,16.59,15.57,14.78,14.78,14.78,14.78,14.27,14.78,15.02,15.02,15.77,15.77,16.36,16.36,15.77,17.68
690,87.0,185.14285714285714,7,"z_0,z_1,z_2,z_3,z_4,z_5,z_6",11.88,17.68,14.085714285714287,1.8743064023248488,17.68,15.38,14.73,13.42,13.36,12.15,11.88,,,,,,,,,
795,461.87499999999994,131.0,16,"z_0,z_1,z_2,z_3,z_4,z_5,z_6,z_7,z_8,z_9,z_10,z_11,z_12,z_13,z_14,z_15",14.37,17.31,16.014375,0.881390724579627,16.47,16.23,15.99,15.99,14.79,14.79,14.37,15.17,15.38,15.57,16.59,17.0,17.0,16.83,16.75,17.31
821,173.0,427.0,16,"z_0,z_1,z_2,z_3,z_4,z_5,z_6,z_7,z_8,z_9,z_10,z_11,z_12,z_13,z_14,z_15",15.56,17.31,16.375625,0.6269067788555166,15.87,15.87,15.87,15.87,15.87,15.56,15.87,16.3,15.87,16.36,16.47,17.15,17.15,17.31,17.31,17.31
859,46.0625,416.0,16,"z_0,z_1,z_2,z_3,z_4,z_5,z_6,z_7,z_8,z_9,z_10,z_11,z_12,z_13,z_14,z_15",15.77,17.31,16.311875,0.3149249662618063,17.31,16.36,16.47,16.47,16.13,16.34,16.36,16.3,16.23,15.99,16.3,16.13,16.13,16.23,16.47,15.77
585,44.0,182.0,1,z_0,17.31,17.31,17.31,0.0,17.31,,,,,,,,,,,,,,,
654,311.0,259.74999999999994,16,"z_0,z_1,z_2,z_3,z_4,z_5,z_6,z_7,z_8,z_9,z_10,z_11,z_12,z_13,z_14,z_15",15.17,17.28,16.104375,0.7238090973281562,15.87,15.57,15.87,15.38,15.49,15.21,15.49,15.17,15.56,16.3,16.8,16.8,16.8,16.8,17.28,17.28
943,318.0,203.0,3,"z_13,z_14,z_15",16.8,17.28,16.96,0.22627416997969543,,,,,,,,,,,,,,16.8,16.8,17.28
866,210.56250000000003,432.0,16,"z_0,z_1,z_2,z_3,z_4,z_5,z_6,z_7,z_8,z_9,z_10,z_11,z_12,z_13,z_14,z_15",14.37,17.21,15.588125,0.9440552072707405,16.34,16.34,15.02,16.28,15.02,15.02,14.37,14.37,14.37,14.37,15.02,16.34,16.34,16.5,17.21,16.5
663,292.0,113.0,16,"z_0,z_1,z_2,z_3,z_4,z_5,z_6,z_7,z_8,z_9,z_10,z_11,z_12,z_13,z_14,z_15",13.6,17.19,15.2475,0.9461732135291084,15.57,15.29,14.73,14.73,14.73,14.73,13.6,14.73,13.99,14.73,15.02,15.57,16.36,16.36,16.63,17.19
778,499.0,205.0,12,"z_0,z_1,z_2,z_3,z_4,z_5,z_7,z_8,z_9,z_10,z_11,z_12",14.06,17.15,15.595833333333333,1.0222643031797376,16.03,16.03,16.03,15.84,15.84,14.06,,14.21,14.21,14.73,15.87,17.15,17.15,,,
829,227.06250000000003,246.0,16,"z_0,z_1,z_2,z_3,z_4,z_5,z_6,z_7,z_8,z_9,z_10,z_11,z_12,z_13,z_14,z_15",14.06,17.07,15.8475,0.8983283085821131,16.59,15.87,15.87,15.57,15.87,15.17,15.17,14.27,14.06,15.39,15.39,16.8,16.87,16.8,17.07,16.8
598,487.1538461538462,437.0,13,"z_0,z_1,z_2,z_3,z_4,z_5,z_6,z_7,z_8,z_9,z_10,z_11,z_12",13.98,17.01,14.974615384615387,1.0151742206266134,15.02,15.21,15.27,14.06,14.02,13.99,13.98,13.99,14.02,15.87,15.87,16.36,17.01,,,
606,324.0,488.0,16,"z_0,z_1,z_2,z_3,z_4,z_5,z_6,z_7,z_8,z_9,z_10,z_11,z_12,z_13,z_14,z_15",14.21,17.0,15.590625,0.9596253744951726,16.34,16.34,14.27,14.27,14.21,15.18,14.21,15.18,15.21,15.53,16.23,15.87,16.87,17.0,15.87,16.87
813,261.0,496.0,16,"z_0,z_1,z_2,z_3,z_4,z_5,z_6,z_7,z_8,z_9,z_10,z_11,z_12,z_13,z_14,z_15",14.37,17.0,15.896875000000001,0.772283292823948,16.36,15.87,15.87,15.49,15.17,15.17,14.88,14.37,15.49,15.49,16.36,16.36,17.0,17.0,17.0,16.47
809,133.0,366.0625,16,"z_0,z_1,z_2,z_3,z_4,z_5,z_6,z_7,z_8,z_9,z_10,z_11,z_12,z_13,z_14,z_15",14.73,16.97,15.4675,0.6120304322499002,16.34,15.02,15.02,15.02,15.09,14.78,14.73,14.73,15.32,15.49,15.87,15.87,15.87,16.97,15.87,15.49
857,247.0,237.125,16,"z_0,z_1,z_2,z_3,z_4,z_5,z_6,z_7,z_8,z_9,z_10,z_11,z_12,z_13,z_14,z_15",13.42,16.87,15.388750000000002,1.0712952149151047,16.6,16.03,16.03,15.39,15.32,15.39,13.42,13.42,13.6,14.73,15.32,15.56,15.87,15.87,16.87,16.8
865,91.0,429.0,16,"z_0,z_1,z_2,z_3,z_4,z_5,z_6,z_7,z_8,z_9,z_10,z_11,z_12,z_13,z_14,z_15",13.42,16.87,14.626875,1.1771667190228408,15.38,15.32,13.99,13.68,13.42,13.42,13.42,13.42,13.42,13.48,14.73,15.87,15.87,15.87,15.87,16.87
597,75.0,406.0,14,"z_0,z_1,z_2,z_3,z_4,z_5,z_8,z_9,z_10,z_11,z_12,z_13,z_14,z_15",15.56,16.87,16.290714285714284,0.5253497377355164,15.87,15.57,15.87,15.87,16.87,16.47,,,16.36,15.56,15.56,16.8,16.87,16.8,16.8,16.8
596,244.0,117.0,4,"z_0,z_1,z_2,z_3",16.36,16.87,16.7325,0.21568205766822646,16.87,16.87,16.83,16.36,,,,,,,,,,,,
515,492.0,323.06250000000006,16,"z_0,z_1,z_2,z_3,z_4,z_5,z_6,z_7,z_8,z_9,z_10,z_11,z_12,z_13,z_14,z_15",14.58,16.8,15.46375,0.7044046688516482,15.38,15.38,15.17,14.88,14.58,14.78,14.73,14.73,14.78,15.38,15.57,16.3,16.34,16.34,16.28,16.8
568,106.0,168.25000000000003,16,"z_0,z_1,z_2,z_3,z_4,z_5,z_6,z_7,z_8,z_9,z_10,z_11,z_12,z_13,z_14,z_15",13.96,16.8,15.043125,0.9218983047901761,15.87,15.49,15.02,14.37,15.02,14.37,13.96,14.02,14.17,14.02,14.21,15.21,15.49,15.87,16.8,16.8
614,289.0625,396.0,16,"z_0,z_1,z_2,z_3,z_4,z_5,z_6,z_7,z_8,z_9,z_10,z_11,z_12,z_13,z_14,z_15",14.27,16.8,15.272499999999999,0.9069695419362223,15.39,15.36,15.32,14.37,14.37,14.37,14.27,14.27,14.27,14.78,15.21,16.28,16.34,16.8,16.36,16.6
634,484.24999999999994,473.4375,16,"z_0,z_1,z_2,z_3,z_4,z_5,z_6,z_7,z_8,z_9,z_10,z_11,z_12,z_13,z_14,z_15",12.41,16.8,13.656875,1.193229434926494,15.32,13.98,13.98,12.92,12.92,12.41,12.59,12.41,12.59,12.88,13.18,13.18,14.27,14.06,15.02,16.8
767,245.74999999999997,375.0,16,"z_0,z_1,z_2,z_3,z_4,z_5,z_6,z_7,z_8,z_9,z_10,z_11,z_12,z_13,z_14,z_15",13.6,16.8,14.53625,1.0141860960888787,16.8,14.37,14.37,13.98,13.6,13.6,13.6,13.6,13.6,13.6,13.98,14.79,15.39,15.87,15.56,15.87
584,410.0,403.8666666666666,15,"z_0,z_1,z_2,z_3,z_4,z_5,z_6,z_7,z_8,z_9,z_10,z_11,z_12,z_13,z_14",13.51,16.8,14.841333333333333,1.0615954450207896,15.02,15.02,14.27,14.27,14.27,13.68,13.51,13.98,13.98,13.99,14.91,15.93,16.36,16.63,16.8,
603,467.07142857142856,460.0,14,"z_0,z_1,z_2,z_3,z_4,z_5,z_6,z_7,z_8,z_9,z_10,z_11,z_12,z_13",14.21,16.8,15.209285714285716,0.8857479832299467,16.8,15.87,15.87,14.21,14.21,14.21,14.21,14.21,14.78,15.02,15.36,16.23,15.72,16.23,,
883,307.75,217.24999999999997,12,"z_1,z_2,z_3,z_4,z_5,z_6,z_10,z_11,z_12,z_13,z_14,z_15",13.18,16.8,14.618333333333332,1.091534343125411,,13.18,13.18,13.18,13.98,13.98,15.02,,,,16.8,15.17,15.87,15.02,15.02,15.02
636,497.375,37.9375,16,"z_0,z_1,z_2,z_3,z_4,z_5,z_6,z_7,z_8,z_9,z_10,z_11,z_12,z_13,z_14,z_15",11.53,16.63,13.555625,1.5627618530585519,15.02,13.42,13.42,12.15,12.15,11.53,12.15,12.15,12.15,12.71,13.02,14.37,14.37,15.18,16.63,16.47
861,133.125,481.0,16,"z_0,z_1,z_2,z_3,z_4,z_5,z_6,z_7,z_8,z_9,z_10,z_11,z_12,z_13,z_14,z_15",13.51,16.63,15.079375,1.0769196160229417,15.87,15.23,15.23,15.23,13.98,14.78,13.51,13.51,13.51,13.99,15.14,15.38,16.34,16.34,16.6,16.63
645,148.0,119.5,16,"z_0,z_1,z_2,z_3,z_4,z_5,z_6,z_7,z_8,z_9,z_10,z_11,z_12,z_13,z_14,z_15",12.44,16.6,14.794374999999999,1.5180249040694294,16.36,15.49,15.49,14.88,13.75,12.71,12.44,12.59,12.77,13.48,15.23,16.34,16.6,16.36,16.23,15.99
665,241.15384615384616,5.0,13,"z_0,z_1,z_2,z_3,z_4,z_5,z_6,z_7,z_8,z_9,z_10,z_11,z_12",14.27,16.6,15.266153846153848,0.7493436970652129,15.87,15.87,15.49,15.38,14.78,15.02,14.27,14.27,14.37,15.02,15.02,16.6,16.5,,,
812,305.0,409.87499999999994,16,"z_0,z_1,z_2,z_3,z_4,z_5,z_6,z_7,z_8,z_9,z_10,z_11,z_12,z_13,z_14,z_15",13.98,16.5,14.8925,0.8505549658899181,15.77,15.02,15.02,15.02,14.37,14.37,14.17,13.98,13.98,13.98,14.17,14.37,15.02,16.27,16.5,16.27
646,226.0,78.875,16,"z_0,z_1,z_2,z_3,z_4,z_5,z_6,z_7,z_8,z_9,z_10,z_11,z_12,z_13,z_14,z_15",12.15,16.36,14.220624999999998,1.5818678387826837,15.87,15.87,15.49,12.15,12.15,12.15,12.15,13.98,12.15,13.34,14.17,15.17,16.36,15.49,15.17,15.87
613,494.0,462.9375,16,"z_0,z_1,z_2,z_3,z_4,z_5,z_6,z_7,z_8,z_9,z_10,z_11,z_12,z_13,z_14,z_15",13.6,16.34,14.802499999999998,1.0285153134494402,15.38,15.18,14.73,13.68,13.6,13.6,13.6,13.6,13.99,14.21,15.02,15.57,16.28,15.72,16.34,16.34
797,336.5625,315.12500000000006,16,"z_0,z_1,z_2,z_3,z_4,z_5,z_6,z_7,z_8,z_9,z_10,z_11,z_12,z_13,z_14,z_15",10.83,16.34,12.39625,1.445859930110797,16.34,15.02,13.6,12.92,12.92,12.15,12.15,11.65,11.65,11.65,11.22,10.83,11.22,11.22,11.65,12.15
589,198.5625,332.31249999999994,16,"z_0,z_1,z_2,z_3,z_4,z_5,z_6,z_7,z_8,z_10,z_11,z_12,z_13,z_14,z_15",9.32,16.3,12.176875,1.979070863909375,16.3,14.5,14.73,14.21,12.15,12.15,11.22,10.42,10.42,,9.32,10.45,10.8,11.22,11.22,11.22
624,280.5625,394.0,16,"z_0,z_1,z_2,z_3,z_4,z_5,z_6,z_7,z_8,z_9,z_10,z_11,z_12,z_13,z_14,z_15",13.18,16.3,14.394375,1.0126325144765005,15.87,14.17,13.98,13.98,13.75,13.18,13.18,13.18,13.75,13.75,13.98,15.02,15.02,15.02,16.18,16.3
741,135.125,291.8125,16,"z_0,z_1,z_2,z_3,z_4,z_5,z_6,z_7,z_8,z_9,z_10,z_11,z_12,z_13,z_14,z_15",12.59,16.3,14.049375000000001,0.9962521565221328,16.3,15.21,14.27,14.06,13.36,13.18,12.92,13.18,12.59,13.18,13.18,14.27,14.78,15.02,15.02,14.27
576,53.0,426.0,5,"z_0,z_1,z_2,z_3,z_4",14.58,16.3,15.364,0.5640070921539908,16.3,15.56,15.21,15.17,14.58,,,,,,,,,,,
660,283.0,44.0,5,"z_0,z_1,z_2,z_3,z_4",15.02,16.29,15.273999999999997,0.5079999999999999,16.29,15.02,15.02,15.02,15.02,,,,,,,,,,,
659,5.0,133.93749999999997,16,"z_0,z_1,z_2,z_3,z_4,z_5,z_6,z_7,z_8,z_9,z_10,z_11,z_12,z_13,z_14,z_15",10.74,16.28,12.811875,1.4064059635734627,16.28,13.98,13.51,12.15,12.15,12.15,11.88,10.74,12.15,10.83,11.22,12.67,13.34,13.98,13.98,13.98
853,441.0,110.18749999999999,16,"z_0,z_1,z_2,z_3,z_4,z_5,z_6,z_7,z_8,z_9,z_10,z_11,z_12,z_13,z_14,z_15",13.79,16.27,15.0825,0.7409495596867577,16.27,15.49,14.37,14.37,14.37,14.37,13.79,14.21,14.73,15.02,15.47,15.72,15.53,15.87,15.87,15.87
864,8.75,336.25,12,"z_0,z_1,z_2,z_3,z_4,z_9,z_10,z_11,z_12,z_13,z_14,z_15",14.37,16.27,15.2825,0.5264365267215665,15.02,15.02,15.02,15.02,14.37,,,,,15.02,15.02,15.02,16.27,15.87,15.87,15.87
686,287.0,265.0,2,"z_0,z_1",15.38,16.27,15.825,0.4449999999999994,16.27,15.38,,,,,,,,,,,,,,
678,166.25000000000003,198.06250000000003,16,"z_0,z_1,z_2,z_3,z_4,z_5,z_6,z_7,z_8,z_9,z_10,z_11,z_12,z_13,z_14,z_15",8.84,16.03,11.069375,1.8022606247085908,16.03,13.34,13.36,11.22,10.42,9.6,8.84,8.84,9.32,10.42,10.42,10.42,11.22,11.22,11.22,11.22
587,452.25,15.0,8,"z_0,z_9,z_10,z_11,z_12,z_13,z_14,z_15",12.39,16.03,14.02875,1.221192424436051,16.03,,,,,,,,,14.17,14.17,12.39,12.39,13.18,14.73,15.17
848,87.0,420.6875,16,"z_0,z_1,z_2,z_3,z_4,z_5,z_6,z_7,z_8,z_9,z_10,z_11,z_12,z_13,z_14,z_15",13.34,15.99,14.644375,0.8977191149658117,15.56,15.49,14.88,14.73,14.58,13.89,13.34,13.34,13.34,13.34,14.73,14.88,15.21,15.84,15.99,15.17
862,129.0,400.06666666666666,15,"z_0,z_1,z_2,z_3,z_4,z_5,z_6,z_7,z_8,z_9,z_10,z_11,z_12,z_13,z_14",11.33,15.99,13.172666666666666,1.3555292529324314,15.99,14.88,14.21,13.36,12.15,12.15,11.88,11.33,11.53,12.15,12.15,13.36,14.21,13.51,14.73,
815,214.4444444444444,363.3333333333334,18,"z_0,z_1,z_2,z_3,z_4,z_5,z_6,z_7,z_8,z_9,z_10,z_11,z_12,z_13,z_14,z_15",6.59,15.87,12.935,2.4908460187030608,15.87,15.39,15.38,13.6,12.15,12.15,13.42,12.15,12.15,13.51,13.51,13.68,10.285,10.43,14.27,14.17
651,111.0,69.18749999999999,16,"z_0,z_1,z_2,z_3,z_4,z_5,z_6,z_7,z_8,z_9,z_10,z_11,z_12,z_13,z_14,z_15",12.15,15.87,13.9725,1.2587568271910186,14.88,14.17,13.98,13.48,14.27,13.34,12.15,12.15,12.15,12.15,13.99,14.73,15.29,15.87,15.57,15.39
604,487.92857142857144,278.2142857142857,14,"z_0,z_1,z_2,z_3,z_4,z_5,z_6,z_7,z_8,z_9,z_10,z_11,z_12,z_13",13.18,15.87,14.490714285714288,0.9383835972086277,15.77,15.02,15.02,14.37,13.18,14.02,13.18,13.18,13.18,15.02,15.02,15.02,15.02,15.87,,
779,448.6428571428571,303.07142857142856,14,"z_0,z_1,z_2,z_3,z_4,z_5,z_8,z_9,z_10,z_11,z_12,z_13,z_14,z_15",12.15,15.87,13.66357142857143,1.0209911650860026,15.02,14.17,13.79,13.34,12.81,12.81,,,12.15,12.15,13.42,13.48,13.51,13.99,14.78,15.87
791,268.0,157.0,5,"z_0,z_1,z_2,z_3,z_4",12.77,15.87,14.428,1.1455374284587996,15.87,15.29,14.73,13.48,12.77,,,,,,,,,,,
847,180.0,461.0,5,"z_0,z_1,z_2,z_3,z_4",15.17,15.87,15.522,0.3130750708695916,15.87,15.87,15.53,15.17,15.17,,,,,,,,,,,
626,398.0,330.0,1,z_0,15.87,15.87,15.87,0.0,15.87,,,,,,,,,,,,,,,
638,443.0,310.0,15,"z_0,z_1,z_2,z_3,z_4,z_5,z_6,z_7,z_8,z_9,z_10,z_11,z_12,z_13,z_14",13.6,15.84,14.528666666666663,0.7071809449418788,15.47,15.02,14.21,13.98,13.98,13.6,13.98,13.98,13.75,14.17,14.17,15.17,15.84,15.36,15.25,
512,365.0,317.0,16,"z_0,z_1,z_2,z_3,z_4,z_5,z_6,z_7,z_8,z_9,z_10,z_11,z_12,z_13,z_14,z_15",11.53,15.77,13.281875,1.12587864993302,14.73,13.51,13.51,12.69,11.65,11.65,11.53,12.52,12.59,13.18,13.18,14.02,14.02,15.77,13.98,13.98
628,395.92307692307696,474.3076923076923,13,"z_0,z_1,z_3,z_4,z_5,z_6,z_7,z_8,z_9,z_10,z_13,z_14,z_15",11.65,15.72,13.296153846153844,1.0884889912275957,13.18,13.18,,12.71,12.67,12.67,11.65,12.67,12.67,13.18,13.18,,,13.98,15.72,15.39
858,100.0,451.0,16,"z_0,z_1,z_2,z_3,z_4,z_5,z_6,z_7,z_8,z_9,z_10,z_11,z_12,z_13,z_14,z_15",10.02,15.57,12.385625000000001,1.5971340298719456,15.57,14.78,14.88,13.79,13.42,12.15,12.15,11.33,10.62,10.62,10.02,11.22,11.44,12.15,12.15,11.88
534,480.14285714285717,271.1428571428571,7,"z_0,z_1,z_2,z_3,z_4,z_5,z_6",13.34,15.56,14.368571428571428,0.7878076010845103,15.56,15.02,14.73,14.73,13.6,13.6,13.34,,,,,,,,,
941,220.0,124.0,1,z_13,15.56,15.56,15.56,0.0,,,,,,,,,,,,,,15.56,,
620,483.75,320.12500000000006,16,"z_0,z_1,z_2,z_3,z_4,z_5,z_6,z_7,z_8,z_9,z_10,z_11,z_12,z_13,z_14,z_15",12.92,15.53,14.23625,0.9508080445074073,15.02,15.02,13.18,15.02,13.18,13.18,12.92,12.92,13.18,14.17,14.17,14.73,15.18,15.53,15.02,15.36
573,423.8333333333333,404.0,12,"z_0,z_1,z_2,z_3,z_5,z_6,z_7,z_8,z_9,z_10,z_11,z_12",13.51,15.53,14.45583333333333,0.6956227226178154,15.14,15.02,14.37,14.37,,13.99,13.51,13.6,13.6,13.98,15.18,15.18,15.53,,,
558,436.0,133.0,1,z_0,15.53,15.53,15.53,0.0,15.53,,,,,,,,,,,,,,,
796,484.0625,194.25,16,"z_0,z_1,z_2,z_3,z_4,z_5,z_6,z_7,z_8,z_9,z_10,z_11,z_12,z_13,z_14,z_15",12.15,15.47,13.766875,1.1474412770922089,14.37,14.17,13.98,13.6,12.92,12.15,12.15,12.15,12.15,13.48,13.6,15.02,15.47,15.02,15.02,15.02
845,207.68749999999997,399.0,16,"z_0,z_1,z_2,z_3,z_4,z_5,z_6,z_7,z_8,z_9,z_10,z_11,z_12,z_13,z_14,z_15",13.6,15.47,14.215625,0.5960701379661627,15.47,15.14,14.27,14.21,13.83,13.6,13.6,13.6,13.6,13.6,13.98,13.98,14.17,14.58,14.91,14.91
647,98.9375,142.81249999999997,16,"z_0,z_1,z_2,z_3,z_4,z_5,z_6,z_7,z_8,z_9,z_10,z_11,z_12,z_13,z_14,z_15",10.83,15.39,12.48,1.208009726782032,15.39,14.37,13.6,12.77,12.59,12.39,11.22,11.22,11.22,11.22,10.83,12.15,12.39,12.39,12.59,13.34
827,263.8,464.0,15,"z_0,z_1,z_2,z_3,z_4,z_5,z_6,z_7,z_8,z_9,z_10,z_11,z_12,z_13,z_14",10.74,15.38,12.545333333333334,1.4585694665969426,15.23,15.38,14.17,13.6,13.42,12.15,11.53,10.74,12.15,10.74,12.77,11.53,12.15,11.31,11.31,
844,266.0,397.0,2,"z_0,z_1",15.17,15.38,15.275,0.10500000000000043,15.17,15.38,,,,,,,,,,,,,,
783,439.87499999999994,91.0,16,"z_0,z_1,z_2,z_3,z_4,z_5,z_6,z_7,z_8,z_9,z_10,z_11,z_12,z_13,z_14,z_15",10.83,15.32,13.309375,1.6601448308430802,14.37,12.59,12.15,11.22,11.22,10.83,10.83,12.41,13.36,13.42,14.73,15.32,15.23,15.09,15.09,15.09
921,28.0,461.0,14,"z_2,z_3,z_4,z_5,z_6,z_7,z_8,z_9,z_10,z_11,z_12,z_13,z_14,z_15",10.52,15.32,11.769285714285715,1.3267870121124206,,,15.32,13.36,13.48,12.15,11.53,11.44,11.22,10.74,10.52,10.52,10.83,11.22,11.22,11.22
683,147.0,200.0,4,"z_0,z_1,z_2,z_3",14.73,15.32,15.017500000000002,0.2876955856456609,15.32,15.29,14.73,14.73,,,,,,,,,,,,
530,483.0,259.0,12,"z_0,z_1,z_2,z_3,z_4,z_5,z_6,z_7,z_8,z_9,z_10,z_11",8.84,15.29,11.480000000000002,1.760416617357001,15.29,14.27,12.15,12.15,11.22,11.22,8.84,9.32,10.62,10.62,10.62,11.44,,,,
689,52.0,185.0,2,"z_0,z_1",15.02,15.29,15.155,0.1349999999999998,15.02,15.29,,,,,,,,,,,,,,
655,290.375,206.0,16,"z_0,z_1,z_2,z_3,z_4,z_5,z_6,z_7,z_8,z_9,z_10,z_11,z_12,z_13,z_14,z_15",13.42,15.27,14.408125,0.5478505584326805,15.27,14.73,13.42,13.98,13.98,13.98,13.98,13.98,13.98,14.17,14.37,14.37,15.02,15.14,15.14,15.02
851,134.0,472.75,16,"z_0,z_1,z_2,z_3,z_4,z_5,z_6,z_7,z_8,z_9,z_10,z_11,z_12,z_13,z_14,z_15",12.15,15.27,14.208125,0.9838141259277587,15.27,15.21,14.73,14.73,12.77,13.6,12.15,13.6,12.77,13.36,14.27,14.79,15.02,15.02,15.02,15.02
514,269.0,419.0,16,"z_0,z_1,z_2,z_3,z_4,z_5,z_6,z_7,z_8,z_9,z_10,z_11,z_12,z_13,z_14,z_15",12.15,15.23,12.995625,0.9462159422536696,15.23,13.99,13.42,13.36,12.15,12.15,12.15,12.15,12.15,12.15,12.15,12.15,13.36,13.48,14.21,13.68
840,112.2,391.0,10,"z_0,z_1,z_2,z_3,z_4,z_5,z_6,z_13,z_14,z_15",12.59,15.23,13.585999999999999,0.7967458816962909,15.23,14.78,13.6,13.51,13.51,12.81,12.81,,,,,,,12.59,13.51,13.51
879,504.0,156.8,5,"z_1,z_2,z_10,z_11,z_15",13.99,15.18,14.862,0.4627050896629513,,15.18,15.18,,,,,,,,13.99,14.78,,,,15.18
843,26.0,213.0,5,"z_0,z_1,z_2,z_3,z_4",12.59,15.17,13.902000000000001,0.9314805419331099,15.17,14.73,13.6,13.42,12.59,,,,,,,,,,,
525,387.0,174.0,15,"z_0,z_1,z_2,z_3,z_4,z_5,z_6,z_7,z_8,z_9,z_10,z_11,z_12,z_13,z_14",8.84,15.14,10.581333333333335,1.9999495549193793,15.14,13.51,13.42,12.15,10.98,10.74,8.84,8.84,8.84,8.84,8.84,9.32,9.32,9.32,10.62,
578,490.16666666666663,456.0,6,"z_0,z_1,z_2,z_3,z_4,z_12",13.98,15.14,14.576666666666668,0.4511713150850302,14.88,15.14,14.27,13.98,14.17,,,,,,,,15.02,,,
782,419.25,109.0625,16,"z_0,z_1,z_2,z_3,z_4,z_5,z_6,z_7,z_8,z_9,z_10,z_11,z_12,z_13,z_14,z_15",12.15,15.09,13.5875,0.9016408653116826,14.37,13.34,12.59,12.44,12.15,12.59,12.59,14.06,13.18,13.99,13.6,13.75,15.09,14.27,15.02,14.37
607,202.93749999999997,368.0625,16,"z_0,z_1,z_2,z_3,z_4,z_5,z_6,z_7,z_8,z_9,z_10,z_11,z_12,z_13,z_14,z_15",11.33,15.02,12.425625,0.9370096634373627,15.02,14.06,13.18,12.77,12.52,12.52,11.83,11.53,11.33,11.65,12.15,11.65,12.15,12.15,12.15,12.15
619,397.3125,452.0,16,"z_0,z_1,z_2,z_3,z_4,z_5,z_6,z_7,z_8,z_9,z_10,z_11,z_12,z_13,z_14,z_15",12.59,15.02,13.889999999999999,0.9106865541996323,14.73,13.42,13.42,13.36,13.36,12.59,12.92,12.71,13.18,13.18,14.27,15.02,15.02,15.02,15.02,15.02
661,122.81250000000001,131.0,16,"z_0,z_1,z_2,z_3,z_4,z_5,z_6,z_7,z_8,z_9,z_10,z_11,z_12,z_13,z_14,z_15",11.53,15.02,13.35,0.8382347523218063,15.02,14.06,13.58,13.34,13.34,12.39,12.39,11.53,13.34,12.15,13.42,13.98,13.99,13.99,13.48,13.6
693,226.5625,123.06249999999999,16,"z_0,z_1,z_2,z_3,z_4,z_5,z_6,z_7,z_8,z_9,z_10,z_11,z_12,z_13,z_14,z_15",9.32,15.02,11.64875,1.4269892913052993,15.02,14.21,13.18,12.39,11.79,10.74,10.74,10.42,10.45,9.32,10.74,11.53,11.53,10.74,11.79,11.79
725,14.125,154.0,16,"z_0,z_1,z_2,z_3,z_4,z_5,z_6,z_7,z_8,z_9,z_10,z_11,z_12,z_13,z_14,z_15",11.22,15.02,13.085625,1.2030584397172897,15.02,15.02,14.37,13.3,12.15,12.15,11.65,11.65,11.65,11.22,12.59,13.34,13.68,13.6,13.99,13.99
726,37.25,207.0,16,"z_0,z_1,z_2,z_3,z_4,z_5,z_6,z_7,z_8,z_9,z_10,z_11,z_12,z_13,z_14,z_15",10.83,15.02,12.57,1.2951930358058599,15.02,14.17,13.6,13.34,12.15,11.22,11.22,11.22,10.83,10.83,11.83,12.15,12.39,13.34,13.83,13.98
766,273.87499999999994,312.0,16,"z_0,z_1,z_2,z_3,z_4,z_5,z_6,z_7,z_8,z_9,z_10,z_11,z_12,z_13,z_14,z_15",9.32,15.02,11.929375,1.7404039356928034,14.78,15.02,14.37,13.79,11.88,11.79,11.88,9.6,9.32,9.6,10.62,10.62,11.65,11.65,12.15,12.15
787,192.56250000000003,101.0,16,"z_0,z_1,z_2,z_3,z_4,z_5,z_6,z_7,z_8,z_9,z_10,z_11,z_12,z_13,z_14,z_15",13.18,15.02,13.94,0.7842273267363233,14.17,13.98,13.6,13.75,13.36,13.18,13.18,13.18,13.18,13.18,13.18,15.02,15.02,15.02,15.02,15.02
855,270.9375,451.62499999999994,16,"z_0,z_1,z_2,z_3,z_4,z_5,z_6,z_7,z_8,z_9,z_10,z_11,z_12,z_13,z_14,z_15",9.32,15.02,12.0625,1.6993877573997052,15.02,14.27,13.18,13.18,12.81,11.79,10.74,9.32,9.32,9.32,10.74,11.79,12.39,12.81,13.51,12.81
687,296.85714285714283,197.0,14,"z_0,z_1,z_2,z_3,z_4,z_5,z_6,z_7,z_8,z_9,z_10,z_11,z_12,z_13",10.42,15.02,12.045,1.3532856841248053,15.02,13.98,13.34,13.34,12.15,10.83,10.42,10.42,10.83,11.22,11.22,11.83,11.88,12.15,,
735,141.0,173.0,8,"z_0,z_1,z_2,z_3,z_4,z_5,z_13,z_14",12.15,15.02,13.25375,1.2263863328902518,15.02,15.02,14.21,13.18,12.15,12.15,,,,,,,,12.15,12.15,
776,122.0,424.0,8,"z_0,z_1,z_2,z_3,z_9,z_10,z_11,z_12",12.15,15.02,13.201250000000002,1.0857536265193866,15.02,12.15,14.73,12.15,,,,,,12.59,12.15,13.34,13.48,,,
772,275.1666666666667,290.3333333333333,6,"z_0,z_1,z_2,z_3,z_4,z_5",11.79,15.02,13.329999999999998,1.1873219164714064,14.78,15.02,13.18,12.77,12.44,11.79,,,,,,,,,,
774,161.16666666666666,378.0,6,"z_0,z_1,z_2,z_3,z_4,z_12",12.15,15.02,13.726666666666667,1.0902089504106791,15.02,15.02,13.79,13.79,12.15,,,,,,,,12.59,,,
569,500.2,371.0,5,"z_0,z_1,z_2,z_3,z_12",13.18,15.02,13.998000000000001,0.6727376903370288,15.02,14.37,14.06,13.18,,,,,,,,,13.36,,,
681,114.0,23.0,4,"z_0,z_1,z_2,z_3",12.15,15.02,13.5925,1.0147259482244453,15.02,13.6,13.6,12.15,,,,,,,,,,,,
627,369.0,245.0,2,"z_0,z_1",15.02,15.02,15.02,0.0,15.02,15.02,,,,,,,,,,,,,,
854,169.0,257.0,2,"z_0,z_1",15.02,15.02,15.02,0.0,15.02,15.02,,,,,,,,,,,,,,
555,276.0,419.0,1,z_0,15.02,15.02,15.02,0.0,15.02,,,,,,,,,,,,,,,
969,86.8,300.2,5,"z_5,z_6,z_7,z_8,z_9",12.15,14.88,13.218,1.070353212729331,,,,,,14.88,13.99,12.92,12.15,12.15,,,,,,
785,195.16666666666669,93.58333333333333,12,"z_0,z_1,z_2,z_3,z_4,z_5,z_6,z_10,z_11,z_12,z_13,z_14",10.74,14.78,12.56,0.9859851249723124,14.78,13.68,12.92,12.92,12.77,12.44,11.49,,,,10.74,12.5,12.5,11.83,12.15,
630,384.33333333333326,430.0,9,"z_0,z_1,z_2,z_4,z_10,z_11,z_12,z_13,z_14",11.22,14.78,13.493333333333332,1.0762899237658965,14.21,13.34,12.15,,11.22,,,,,,13.34,14.17,14.17,14.78,14.06,
561,492.1333333333334,284.66666666666663,15,"z_0,z_1,z_2,z_3,z_4,z_5,z_6,z_7,z_8,z_9,z_10,z_11,z_12,z_13,z_14",10.74,14.73,12.074000000000005,0.9615667770189789,14.73,12.15,12.15,12.15,11.22,10.8,10.74,11.83,10.8,12.08,12.39,12.77,12.39,12.39,12.52,
549,444.2857142857143,14.714285714285715,14,"z_0,z_1,z_2,z_3,z_4,z_5,z_6,z_7,z_8,z_9,z_10,z_11,z_12,z_13",10.83,14.73,12.396428571428574,1.1694235890438693,14.73,12.15,12.15,12.15,11.53,11.22,10.83,10.83,11.22,13.18,13.18,13.18,13.18,14.02,,
599,426.59999999999997,342.9,10,"z_0,z_1,z_2,z_3,z_9,z_10,z_11,z_12,z_13,z_14",12.15,14.73,13.793000000000001,0.8814539125785305,14.73,13.42,12.15,12.15,,,,,,14.21,14.17,14.37,13.99,14.37,14.37,
615,268.0,358.8888888888889,9,"z_0,z_1,z_2,z_3,z_4,z_5,z_6,z_7,z_8",11.22,14.73,12.16888888888889,1.1214122489516358,14.73,13.42,12.15,12.15,11.88,11.22,11.22,11.22,11.53,,,,,,,
593,390.375,284.0,8,"z_0,z_1,z_2,z_3,z_4,z_5,z_6,z_7",8.59,14.73,11.575,2.2111987698983553,14.73,14.73,12.77,11.79,10.52,10.42,9.05,8.59,,,,,,,,
926,265.0,85.0,3,"z_11,z_12,z_13",13.98,14.37,14.24,0.1838477631085018,,,,,,,,,,,,13.98,14.37,14.37,,
505,431.0,46.50000000000001,16,"z_0,z_1,z_2,z_3,z_4,z_5,z_6,z_7,z_8,z_9,z_10,z_11,z_12,z_13,z_14,z_15",7.92,14.27,10.325,1.6187804051198542,14.27,12.59,11.79,11.79,10.02,9.32,9.32,9.32,7.92,7.92,8.84,10.42,10.42,10.42,10.42,10.42
770,110.0,431.9375,16,"z_0,z_1,z_2,z_3,z_4,z_5,z_6,z_7,z_8,z_9,z_10,z_11,z_12,z_13,z_14,z_15",7.92,14.27,10.595,2.0356295095129666,14.27,14.21,13.36,12.52,12.44,10.74,9.89,8.59,8.59,7.92,8.59,9.32,9.32,9.32,10.02,10.42
616,495.3333333333333,278.0,6,"z_0,z_1,z_2,z_3,z_11,z_13",13.42,14.27,13.770000000000001,0.3248589437484109,14.27,13.99,13.98,13.42,,,,,,,,13.48,,13.48,,
629,299.0,352.0,1,z_0,14.27,14.27,14.27,0.0,14.27,,,,,,,,,,,,,,,
601,419.0,452.0,16,"z_0,z_1,z_2,z_3,z_4,z_5,z_6,z_7,z_8,z_9,z_10,z_11,z_12,z_13,z_14,z_15",12.15,14.21,13.0475,0.8190581481189232,13.98,13.98,13.48,12.15,12.15,12.15,12.15,12.15,12.15,12.15,13.42,14.21,13.6,13.51,13.51,14.02
788,419.0,16.375,16,"z_0,z_1,z_2,z_3,z_4,z_5,z_6,z_7,z_8,z_9,z_10,z_11,z_12,z_13,z_14,z_15",11.22,14.21,12.526875,1.1044496296232797,13.48,12.15,12.15,11.65,11.22,11.22,11.22,11.22,11.88,12.15,12.59,13.51,14.21,14.21,13.36,14.21
963,76.0,355.0,1,z_4,14.17,14.17,14.17,0.0,,,,,14.17,,,,,,,,,,,
582,360.0,343.0,15,"z_0,z_1,z_2,z_3,z_4,z_5,z_6,z_7,z_8,z_9,z_10,z_11,z_12,z_13,z_14",11.22,14.06,12.298666666666668,0.9865148531854727,14.06,13.48,13.34,11.88,11.22,11.22,11.22,11.22,11.22,12.15,12.15,12.15,12.15,13.51,13.51,
927,154.0,28.6,5,"z_11,z_12,z_13,z_14,z_15",13.18,14.06,13.815999999999999,0.3330225217609166,,,,,,,,,,,,13.79,14.06,13.18,13.99,14.06
959,289.75,173.75,4,"z_3,z_4,z_5,z_6",11.79,14.06,12.772499999999999,0.832957832065946,,,,14.06,12.85,12.39,11.79,,,,,,,,,
908,71.0,303.0,12,"z_4,z_5,z_6,z_7,z_8,z_9,z_10,z_11,z_12,z_13,z_14,z_15",7.92,14.02,10.088333333333331,1.9020770810412027,,,,,14.02,12.15,12.41,11.49,10.52,9.6,8.59,8.59,8.59,8.59,8.59,7.92
769,226.79999999999998,494.7,10,"z_0,z_1,z_2,z_3,z_4,z_5,z_6,z_7,z_8,z_9",10.52,14.02,12.37,1.266885945931993,13.34,13.75,14.02,13.99,11.79,12.15,11.83,11.79,10.52,10.52,,,,,,
692,238.57142857142858,133.7857142857143,14,"z_0,z_1,z_2,z_3,z_4,z_5,z_6,z_7,z_9,z_10,z_11,z_12,z_13,z_14",9.32,13.99,11.09142857142857,1.499480182038606,13.99,13.36,12.88,12.39,10.74,9.32,9.32,9.32,,10.02,9.89,10.74,10.74,10.74,11.83,
955,294.0,309.16666666666663,6,"z_2,z_3,z_4,z_5,z_6,z_7",10.8,13.99,12.139999999999999,1.214454610102823,,,13.99,13.48,12.15,10.98,11.44,10.8,,,,,,,,
502,323.7333333333334,263.0,15,"z_0,z_1,z_2,z_3,z_4,z_5,z_6,z_7,z_8,z_10,z_11,z_12,z_13,z_14,z_15",9.32,13.98,11.196,1.4089182611729705,13.98,13.34,12.15,12.15,10.83,9.32,9.32,9.32,9.32,,10.74,10.83,11.88,11.88,11.44,11.44
880,345.06666666666666,322.0,15,"z_1,z_2,z_3,z_4,z_5,z_6,z_7,z_8,z_9,z_10,z_11,z_12,z_13,z_14,z_15",9.32,13.98,11.11666666666667,1.4117727232887818,,13.98,13.42,12.15,12.15,12.15,10.62,10.62,11.33,11.49,10.83,10.45,9.32,9.32,9.6,9.32
895,204.46153846153845,325.0,13,"z_2,z_3,z_4,z_5,z_6,z_7,z_8,z_9,z_10,z_11,z_12,z_13,z_14",8.59,13.98,10.484615384615385,1.739763977735156,,,13.6,12.15,11.88,13.98,10.02,10.45,9.32,9.32,8.59,9.32,9.03,9.32,9.32,
881,49.6,145.0,5,"z_1,z_2,z_3,z_4,z_5",11.44,13.98,12.902000000000001,0.9533184148016863,,13.98,13.6,13.34,12.15,11.44,,,,,,,,,,
928,136.0,315.0,5,"z_8,z_9,z_11,z_12,z_13",9.32,13.98,11.73,1.7929640264098998,,,,,,,,,10.02,9.32,,13.98,13.18,12.15,,
884,70.16666666666667,438.83333333333337,6,"z_1,z_2,z_3,z_4,z_10,z_14",9.32,13.96,12.618333333333334,1.5762023629245356,,13.96,13.96,13.18,12.41,,,,,,9.32,,,,12.88,
507,333.0,38.3125,16,"z_0,z_1,z_2,z_3,z_4,z_5,z_6,z_7,z_8,z_9,z_10,z_11,z_12,z_13,z_14,z_15",10.45,13.75,11.9525,0.8736525339057856,13.75,12.59,12.39,11.83,11.22,10.8,10.45,10.73,11.22,12.15,12.15,12.15,12.15,12.15,12.15,13.36
824,272.3125,445.0,16,"z_0,z_1,z_2,z_3,z_4,z_5,z_6,z_7,z_8,z_9,z_10,z_11,z_12,z_13,z_14,z_15",11.79,13.6,12.59375,0.6556092109633603,13.6,13.6,13.42,12.15,12.15,12.15,12.15,11.79,11.79,12.15,12.15,12.39,13.34,13.34,13.18,12.15
935,199.0,122.0,4,"z_12,z_13,z_14,z_15",13.34,13.6,13.405000000000001,0.11258330249197693,,,,,,,,,,,,,13.6,13.34,13.34,13.34
590,396.0,253.0,2,"z_0,z_2",12.15,13.6,12.875,0.7249999999999996,13.6,,12.15,,,,,,,,,,,,,
688,103.0,132.0909090909091,11,"z_0,z_1,z_2,z_3,z_4,z_10,z_11,z_12,z_13,z_14,z_15",10.74,13.51,12.102727272727272,0.7580967905232502,13.51,12.15,11.22,11.22,10.74,,,,,,11.79,12.39,12.41,12.59,12.59,12.52
611,301.59999999999997,451.0,15,"z_0,z_1,z_2,z_3,z_4,z_5,z_6,z_7,z_8,z_9,z_10,z_11,z_12,z_13,z_14",9.32,13.48,10.689999999999998,1.4085074843014973,13.48,13.36,12.15,11.53,10.74,10.42,9.32,9.32,9.32,9.32,9.32,9.32,10.52,10.74,11.49,
967,202.0,441.0,5,"z_5,z_6,z_7,z_8,z_9",10.52,13.48,11.764,1.1258525658362202,,,,,,13.48,12.15,12.15,10.52,10.52,,,,,,
529,503.0,305.0,16,"z_0,z_1,z_2,z_3,z_4,z_5,z_6,z_7,z_8,z_9,z_10,z_11,z_12,z_13,z_14,z_15",10.42,13.42,11.904375000000002,1.1147924064035422,13.42,13.42,12.15,11.65,11.65,10.42,10.42,10.45,10.52,10.98,10.98,12.88,13.18,12.88,12.88,12.59
609,453.8666666666666,430.0,15,"z_0,z_1,z_2,z_3,z_4,z_5,z_6,z_7,z_8,z_9,z_10,z_11,z_12,z_13,z_14",9.6,13.36,10.792666666666666,1.0137288701729976,13.36,12.77,10.83,10.74,10.45,10.42,10.42,9.6,9.6,9.6,10.42,10.74,10.98,10.98,10.98,
897,397.0,460.75,8,"z_2,z_3,z_4,z_5,z_6,z_7,z_8,z_10",11.22,13.25,12.365,0.6160762939766468,,,13.18,12.15,12.67,12.15,12.15,11.22,12.15,,13.25,,,,,
913,258.35714285714283,209.0,14,"z_2,z_3,z_4,z_5,z_6,z_7,z_8,z_9,z_10,z_11,z_12,z_13,z_14,z_15",8.59,13.18,10.449285714285713,1.5440413775252928,,,12.67,13.18,12.81,11.22,11.22,10.62,8.59,9.32,8.59,8.59,9.32,9.32,10.42,10.42
917,219.35714285714286,462.35714285714283,14,"z_2,z_3,z_4,z_5,z_6,z_7,z_8,z_9,z_10,z_11,z_12,z_13,z_14,z_15",9.03,13.08,10.424285714285714,1.2725211998554808,,,13.08,13.08,10.74,10.74,10.52,9.32,9.03,9.32,9.32,9.32,10.8,10.83,10.52,9.32
961,92.2,142.0,5,"z_3,z_4,z_5,z_6,z_7",10.42,12.59,11.541999999999998,0.9145796848826242,,,,12.59,12.39,11.79,10.52,10.42,,,,,,,,
952,366.0,271.5714285714286,7,"z_2,z_3,z_4,z_5,z_6,z_7,z_8",7.51,12.39,10.22,1.7071948587417565,,,12.39,11.79,10.74,10.74,10.45,7.92,7.51,,,,,,,
962,333.0,346.5,2,"z_4,z_5",11.53,12.39,11.96,0.4300000000000006,,,,,12.39,11.53,,,,,,,,,,
916,272.9166666666667,429.0,12,"z_4,z_5,z_6,z_7,z_8,z_9,z_10,z_11,z_12,z_13,z_14,z_15",7.92,12.15,9.534166666666666,1.572924337729639,,,,,12.15,11.88,11.22,11.22,9.32,9.03,9.32,8.59,7.92,7.92,7.92,7.92
904,88.0,261.0,6,"z_6,z_7,z_8,z_9,z_10,z_11",8.59,12.15,9.851666666666668,1.3665579225029416,,,,,,,12.15,10.45,8.59,10.74,8.59,8.59,,,,
953,216.6,102.0,5,"z_2,z_3,z_4,z_5,z_6",9.03,12.15,10.808000000000002,1.0442490124486596,,,11.22,12.15,11.22,10.42,9.03,,,,,,,,,
919,252.0,462.0833333333333,12,"z_4,z_5,z_6,z_7,z_8,z_9,z_10,z_11,z_12,z_13,z_14,z_15",8.59,12.08,9.990833333333333,1.086703411955422,,,,,12.08,11.22,10.83,10.83,10.52,10.45,8.84,9.32,9.32,8.59,9.05,8.84
958,312.0,3.6666666666666665,3,"z_3,z_4,z_5",10.45,11.79,10.993333333333334,0.5756349151637307,,,,11.79,10.74,10.45,,,,,,,,,,
965,323.0,318.0,3,"z_5,z_6,z_7",8.84,11.79,10.216666666666667,1.2123347539172318,,,,,,10.02,8.84,11.79,,,,,,,,
936,15.0,92.0,3,"z_12,z_13,z_14",11.22,11.65,11.363333333333335,0.2027039439401435,,,,,,,,,,,,,11.22,11.65,11.22,
540,410.1111111111111,122.0,9,"z_0,z_1,z_2,z_3,z_4,z_5,z_6,z_7,z_8",10.02,11.53,10.838888888888889,0.5285082664011237,11.53,11.33,11.22,10.74,11.33,10.02,10.62,10.02,10.74,,,,,,,
905,109.25,283.0,8,"z_7,z_8,z_9,z_10,z_11,z_12,z_13,z_14",7.92,11.49,9.184999999999999,1.1896953391520033,,,,,,,,11.49,10.62,9.32,9.03,8.59,8.59,7.92,7.92,
915,316.0,398.1111111111111,9,"z_7,z_8,z_9,z_10,z_11,z_12,z_13,z_14,z_15",9.32,11.22,10.162222222222221,0.6640913219961675,,,,,,,,9.6,9.32,9.6,10.62,11.22,10.52,10.52,10.74,9.32
931,408.0,199.0,3,"z_11,z_12,z_13",10.83,11.22,11.01,0.16062378404209032,,,,,,,,,,,,10.98,11.22,10.83,,
929,230.83333333333334,26.0,6,"z_5,z_11,z_12,z_13,z_14,z_15",9.6,10.98,10.205000000000002,0.5422714572364412,,,,,,10.42,,,,,,9.6,9.89,9.6,10.98,10.74
906,167.0,336.0,6,"z_7,z_10,z_11,z_12,z_13,z_14",6.59,10.83,8.096666666666666,1.3028771580194691,,,,,,,,10.83,,,7.92,7.66,6.59,7.66,7.92,
971,179.0,303.0,1,z_6,10.83,10.83,10.83,0.0,,,,,,,10.83,,,,,,,,,
923,474.3333333333333,231.66666666666666,3,"z_11,z_13,z_14",9.32,10.74,10.193333333333333,0.6240370359379498,,,,,,,,,,,,9.32,,10.52,10.74,
964,377.0,15.0,3,"z_5,z_6,z_7",10.02,10.62,10.363333333333333,0.2524986248587415,,,,,,10.02,10.62,10.45,,,,,,,,
975,73.0,362.0,1,z_7,10.62,10.62,10.62,0.0,,,,,,,,10.62,,,,,,,,
894,387.5714285714286,131.0,7,"z_8,z_9,z_10,z_11,z_12,z_13,z_14",8.84,10.52,9.702857142857143,0.6765609313857478,,,,,,,,,8.84,9.05,9.32,9.32,10.42,10.45,10.52,
949,17.0,185.0,1,z_15,10.52,10.52,10.52,0.0,,,,,,,,,,,,,,,,10.52
907,3.0,5.0,5,"z_6,z_7,z_8,z_9,z_10",8.84,10.42,9.308000000000002,0.6291073040428,,,,,,,10.42,9.6,8.84,8.84,8.84,,,,,
968,58.0,3.0,3,"z_5,z_6,z_7",9.6,10.42,10.146666666666667,0.3865517070486461,,,,,,10.42,10.42,9.6,,,,,,,,
972,4.0,36.0,1,z_6,10.42,10.42,10.42,0.0,,,,,,,10.42,,,,,,,,,
970,36.0,3.0,1,z_6,9.6,9.6,9.6,0.0,,,,,,,9.6,,,,,,,,,
976,215.0,444.0,1,z_8,9.6,9.6,9.6,0.0,,,,,,,,,9.6,,,,,,,
914,17.333333333333332,410.3333333333333,6,"z_10,z_11,z_12,z_13,z_14,z_15",5.89,9.32,7.366666666666667,1.3280645901293944,,,,,,,,,,,9.32,8.59,7.92,6.59,5.89,5.89
920,39.0,463.5,6,"z_10,z_11,z_12,z_13,z_14,z_15",9.03,9.32,9.271666666666667,0.10807661891249017,,,,,,,,,,,9.32,9.03,9.32,9.32,9.32,9.32
940,462.5,272.5,2,"z_7,z_13",7.92,9.32,8.620000000000001,0.7000000000000002,,,,,,,,7.92,,,,,,9.32,,
942,274.0,121.0,2,"z_13,z_14",9.32,9.32,9.32,0.0,,,,,,,,,,,,,,9.32,9.32,
951,474.0,81.0,1,z_15,9.32,9.32,9.32,0.0,,,,,,,,,,,,,,,,9.32
930,112.0,216.0,4,"z_11,z_12,z_13,z_14",7.51,8.85,8.2825,0.585720709895083,,,,,,,,,,,,7.51,8.85,7.92,8.85,
902,241.0,167.0,7,"z_9,z_10,z_11,z_12,z_13,z_14,z_15",7.66,8.84,8.540000000000001,0.47940439237513394,,,,,,,,,,8.84,7.92,8.84,7.66,8.84,8.84,8.84
966,396.0,365.0,1,z_5,8.84,8.84,8.84,0.0,,,,,,8.84,,,,,,,,,,
974,346.0,272.0,1,z_7,8.59,8.59,8.59,0.0,,,,,,,,8.59,,,,,,,,
903,103.0,272.83333333333337,6,"z_10,z_11,z_12,z_13,z_14,z_15",6.59,7.66,6.9799999999999995,0.4474371464239419,,,,,,,,,,,7.51,7.66,6.59,6.59,6.59,6.94
900,291.57142857142856,346.0,7,"z_9,z_10,z_11,z_12,z_13,z_14,z_15",5.21,6.59,5.944285714285714,0.3893898943166327,,,,,,,,,,5.89,5.89,5.21,6.59,5.89,5.89,6.25
911,388.0,89.0,3,"z_8,z_10,z_11",6.59,6.59,6.59,0.0,,,,,,,,,6.59,,6.59,6.59,,,,
925,431.0,336.0,1,z_11,6.59,6.59,6.59,0.0,,,,,,,,,,,,6.59,,,,
896,238.0,356.5,2,"z_10,z_11",5.21,5.89,5.55,0.33999999999999986,,,,,,,,,,,5.89,5.21,,,,
946,249.0,68.0,2,"z_14,z_15",5.21,5.21,5.21,0.0,,,,,,,,,,,,,,,5.21,5.21
